insert into Menu (id , platoPrincipal, segundoPlato) values (1, 'Puré de papaya', 'Puré de coliflor y patata');
insert into Menu (id , platoPrincipal, segundoPlato) values (2, 'Puré de habas y zanahoria', 'Puré de garbanzos y espinacas');
insert into Menu (id , platoPrincipal, segundoPlato) values (3, 'Puré de coliflor', 'Puré de alcachofas');
insert into Menu (id , platoPrincipal, segundoPlato) values (4, 'Puré de pollo y patata', 'Puré de champiñones y pollo');
insert into Menu (id , platoPrincipal, segundoPlato) values (5, 'Puré de papaya', 'Puré de gambas y espinacas');
insert into Menu (id , platoPrincipal, segundoPlato) values (6, 'Puré de mandarina', 'Puré de salmón y brócoli');
insert into Menu (id , platoPrincipal, segundoPlato) values (7, 'Puré de habas y patata', 'Puré de gambas');
insert into Menu (id , platoPrincipal, segundoPlato) values (8, 'Puré de pera y melocotón', 'Puré de zanahoria');
insert into Menu (id , platoPrincipal, segundoPlato) values (9, 'Puré de pomelo', 'Puré de bacalao');
insert into Menu (id , platoPrincipal, segundoPlato) values (10, 'Puré de gambas y espinacas', 'Puré de champiñones');
insert into Menu (id , platoPrincipal, segundoPlato) values (11, 'Puré de champiñones y pollo', 'Puré de guisantes');
insert into Menu (id , platoPrincipal, segundoPlato) values (12, 'Puré de habas y zanahoria', 'Puré de papaya');
insert into Menu (id , platoPrincipal, segundoPlato) values (13, 'Puré de ternera y zanahoria', 'Puré de naranja');
insert into Menu (id , platoPrincipal, segundoPlato) values (14, 'Puré de pollo', 'Puré de ternera');
insert into Menu (id , platoPrincipal, segundoPlato) values (15, 'Puré de guisantes', 'Puré de fresas y plátano');
insert into Menu (id , platoPrincipal, segundoPlato) values (16, 'Puré de champiñones y patata', 'Puré de piña');
insert into Menu (id , platoPrincipal, segundoPlato) values (17, 'Puré de tomate y arroz', 'Puré de ternera y patatas');
insert into Menu (id , platoPrincipal, segundoPlato) values (18, 'Puré de gambas', 'Puré de ternera');
insert into Menu (id , platoPrincipal, segundoPlato) values (19, 'Puré de manzana y melocotón', 'Puré de manzana y melocotón');
insert into Menu (id , platoPrincipal, segundoPlato) values (20, 'Puré de naranja', 'Puré de champiñones y pollo');
insert into Menu (id , platoPrincipal, segundoPlato) values (21, 'Puré de fresas y plátano', 'Puré de champiñones');
insert into Menu (id , platoPrincipal, segundoPlato) values (22, 'Puré de piña', 'Puré de pera y melocotón');
insert into Menu (id , platoPrincipal, segundoPlato) values (23, 'Puré de manzana', 'Puré de habas y zanahoria');
insert into Menu (id , platoPrincipal, segundoPlato) values (24, 'Puré de habas y zanahoria', 'Puré de garbanzos y espinacas');
insert into Menu (id , platoPrincipal, segundoPlato) values (25, 'Puré de lentejas y arroz', 'Puré de salmón y arroz');
insert into Menu (id , platoPrincipal, segundoPlato) values (26, 'Puré de espinacas', 'Puré de coliflor');
insert into Menu (id , platoPrincipal, segundoPlato) values (27, 'Puré de habas', 'Puré de garbanzos');
insert into Menu (id , platoPrincipal, segundoPlato) values (28, 'Puré de bacalao', 'Puré de ternera y patatas');
insert into Menu (id , platoPrincipal, segundoPlato) values (29, 'Puré de ternera y zanahoria', 'Puré de fresas y plátano');
insert into Menu (id , platoPrincipal, segundoPlato) values (30, 'Puré de pollo', 'Puré de lentejas y zanahoria');
/*Empleados Antiguos y Recientes*/

INSERT INTO Empleado (id_empleado, nombre, apellidos, dni, sueldo, mail, fecha_contratacion, fecha_de_despido) VALUES (1, 'Ana', 'Martínez', '50220447G', 1777.41, 'amartinez2210@gmail.com', '12/3/2005', '12/3/2005');
INSERT INTO Empleado (id_empleado, nombre, apellidos, dni, sueldo, mail, fecha_contratacion, fecha_de_despido) VALUES (2, 'Pedro', 'Martínez', '82166151O', 1522.92, 'pmartinez7910@gmail.com', '26/9/2004', '6/5/2005');
INSERT INTO Empleado (id_empleado, nombre, apellidos, dni, sueldo, mail, fecha_contratacion, fecha_de_despido) VALUES (3, 'Carmen', 'Pérez', '31851798T', 1622.83, 'cperez4310@gmail.com', '16/10/2023', '23/10/2026');
INSERT INTO Empleado (id_empleado, nombre, apellidos, dni, sueldo, mail, fecha_contratacion, fecha_de_despido) VALUES (4, 'Manuel', 'García', '71060425A', 1511.81, 'mgarcia2910@gmail.com', '16/8/2003', '1/5/2006');
INSERT INTO Empleado (id_empleado, nombre, apellidos, dni, sueldo, mail, fecha_contratacion, fecha_de_despido) VALUES (5, 'María', 'Moreno', '36516924W', 1911.30, 'mmoreno910@gmail.com', '26/4/2020', '26/7/2021');
INSERT INTO Empleado (id_empleado, nombre, apellidos, dni, sueldo, mail, fecha_contratacion, fecha_de_despido) VALUES (6, 'Carmen', 'Gómez', '22037675M', 1544.62, 'cgmez6310@gmail.com', '17/8/2017', '26/9/2020');
INSERT INTO Empleado (id_empleado, nombre, apellidos, dni, sueldo, mail, fecha_contratacion, fecha_de_despido) VALUES (7, 'Ana', 'Rodríguez', '76985258M', 1377.33, 'arodrguez3510@gmail.com', '19/2/2014', '19/2/2014');
INSERT INTO Empleado (id_empleado, nombre, apellidos, dni, sueldo, mail, fecha_contratacion, fecha_de_despido) VALUES (8, 'Carmen', 'García', '22628484W', 1485.02, 'cgarca010@gmail.com', '3/11/2002', '27/11/2003');
INSERT INTO Empleado (id_empleado, nombre, apellidos, dni, sueldo, mail, fecha_contratacion, fecha_de_despido) VALUES (9, 'Isabel', 'Pérez', '56486176X', 1204.24, 'iprez3610@gmail.com', '14/3/2021', '6/12/2021');
INSERT INTO Empleado (id_empleado, nombre, apellidos, dni, sueldo, mail, fecha_contratacion, fecha_de_despido) VALUES (10, 'Sofía', 'Pérez', '88586087P', 1888.49, 'sprez5810@gmail.com', '16/6/2017', '13/5/2018');
INSERT INTO Empleado (id_empleado, nombre, apellidos, dni, sueldo, mail, fecha_contratacion, fecha_de_despido) VALUES (11, 'Manuel', 'Martínez', '26523913K', 1444.52, 'mmartnez7410@gmail.com', '24/7/2010', '7/8/2013');
INSERT INTO Empleado (id_empleado, nombre, apellidos, dni, sueldo, mail, fecha_contratacion, fecha_de_despido) VALUES (12, 'Ana', 'García', '62830065W', 1589.61, 'agarca2310@gmail.com', '25/10/2023', '3/11/2024');
INSERT INTO Empleado (id_empleado, nombre, apellidos, dni, sueldo, mail, fecha_contratacion, fecha_de_despido) VALUES (13, 'Sofía', 'Martínez', '99550723J', 1231.1, 'smartnez1610@gmail.com', '1/7/2006', '6/8/2008');
INSERT INTO Empleado (id_empleado, nombre, apellidos, dni, sueldo, mail, fecha_contratacion, fecha_de_despido) VALUES (14, 'Ana', 'Pérez', '70979858D', 2051.8, 'aprez5510@gmail.com', '21/1/2014', '17/4/2014');
INSERT INTO Empleado (id_empleado, nombre, apellidos, dni, sueldo, mail, fecha_contratacion, fecha_de_despido) VALUES (15, 'Ana', 'Gómez', '15609257G', 1805.45, 'agmez4810@gmail.com', '26/5/2023', '26/5/2023');
INSERT INTO Empleado (id_empleado, nombre, apellidos, dni, sueldo, mail, fecha_contratacion, fecha_de_despido) VALUES (16, 'Sofía', 'Fernández', '24682122O', 1349.3, 'sfernndez1010@gmail.com', '16/12/2009', '9/7/2012');
INSERT INTO Empleado (id_empleado, nombre, apellidos, dni, sueldo, mail, fecha_contratacion, fecha_de_despido) VALUES (17, 'Sofía', 'Gómez', '19433210T', 1834.9, 'sgmez3510@gmail.com', '1/12/2013', '14/2/2016');
INSERT INTO Empleado (id_empleado, nombre, apellidos, dni, sueldo, mail, fecha_contratacion, fecha_de_despido) VALUES (18, 'Isabel', 'Martínez', '82450527G', 1349.6, 'imartnez3110@gmail.com', '28/8/2005', '17/9/2007');
INSERT INTO Empleado (id_empleado, nombre, apellidos, dni, sueldo, mail, fecha_contratacion, fecha_de_despido) VALUES (19, 'Isabel', 'Martínez', '91353330T', 1435.0, 'imartnez3610@gmail.com', '28/5/2016', '28/5/2016');
INSERT INTO Empleado (id_empleado, nombre, apellidos, dni, sueldo, mail, fecha_contratacion, fecha_de_despido) VALUES (20, 'Isabel', 'García', '30531668W', 2021.6, 'igarca1510@gmail.com', '2/8/2013', '24/10/2015');
INSERT INTO Empleado (id_empleado, nombre, apellidos, dni, sueldo, mail, fecha_contratacion, fecha_de_despido) VALUES (21, 'Pedro', 'Sánchez', '88627813A', 1246.7, 'psnchez5110@gmail.com', '1/5/2020', '1/5/2020');
INSERT INTO Empleado (id_empleado, nombre, apellidos, dni, sueldo, mail, fecha_contratacion, fecha_de_despido) VALUES (22, 'Antonio', 'García', '32982976L', 2016.5, 'agarca8710@gmail.com', '23/12/2020', '25/6/2022');
INSERT INTO Empleado (id_empleado, nombre, apellidos, dni, sueldo, mail, fecha_contratacion, fecha_de_despido) VALUES (23, 'Antonio', 'Sánchez', '44944493E', 1231.2, 'asnchez1310@gmail.com', '3/2/2005', '20/10/2005');
INSERT INTO Empleado (id_empleado, nombre, apellidos, dni, sueldo, mail, fecha_contratacion, fecha_de_despido) VALUES (24, 'Sofía', 'Martínez', '91354289J', 1568.4, 'smartnez6810@gmail.com', '4/4/2021', '1/6/2024');
INSERT INTO Empleado (id_empleado, nombre, apellidos, dni, sueldo, mail, fecha_contratacion, fecha_de_despido) VALUES (25, 'María', 'González', '97565487L', 1503.6, 'mgonzlez4510@gmail.com', '8/9/2012', '15/11/2015');
INSERT INTO Empleado (id_empleado, nombre, apellidos, dni, sueldo, mail, fecha_contratacion, fecha_de_despido) VALUES (26, 'Pedro', 'Pérez', '35686428A', 2003.4, 'prez3210@gmail.com', '15/5/2023', '16/7/2025');
INSERT INTO Empleado (id_empleado, nombre, apellidos, dni, sueldo, mail, fecha_contratacion, fecha_de_despido) VALUES (27, 'Isabel', 'Moreno', '95483454S', 2032.9, 'imoreno3810@gmail.com', '16/5/2003', '25/4/2006');
INSERT INTO Empleado (id_empleado, nombre, apellidos, dni, sueldo, mail, fecha_contratacion, fecha_de_despido) VALUES (28, 'Juan', 'González', '46596135O', 1435.0, 'jgonzlez7310@gmail.com', '8/1/2020', '8/1/2020');
INSERT INTO Empleado (id_empleado, nombre, apellidos, dni, sueldo, mail, fecha_contratacion, fecha_de_despido) VALUES (29, 'Luis', 'Moreno', '93371054N', 1435.0, 'lmoreno8110@gmail.com', '19/7/2003', '9/9/2004');
INSERT INTO Empleado (id_empleado, nombre, apellidos, dni, sueldo, mail, fecha_contratacion, fecha_de_despido) VALUES (30, 'Ana', 'Martínez', '24762511L',1435.0, 'amartnez1510@gmail.com', '4/6/2013', '18/10/2016');
INSERT INTO Empleado (id_empleado, nombre, apellidos, dni, sueldo, mail, fecha_contratacion, fecha_de_despido) VALUES (31, 'Luis', 'Sánchez', '52777048F', 1435.0, 'lsnchez8210@gmail.com', '22/1/2014', '3/7/2014');
INSERT INTO Empleado (id_empleado, nombre, apellidos, dni, sueldo, mail, fecha_contratacion, fecha_de_despido) VALUES (32, 'Juan', 'Moreno', '70587533G', 1435.0, 'jmoreno8010@gmail.com', '18/6/2012', '5/12/2013');
INSERT INTO Empleado (id_empleado, nombre, apellidos, dni, sueldo, mail, fecha_contratacion, fecha_de_despido) VALUES (33, 'Isabel', 'Moreno', '67038083S', 1435.0, 'imoreno1610@gmail.com', '13/2/2011', '12/2/2012');
INSERT INTO Empleado (id_empleado, nombre, apellidos, dni, sueldo, mail, fecha_contratacion, fecha_de_despido) VALUES (34, 'Isabel', 'Rodríguez', '28762558W', 1435.0, 'irodrguez6510@gmail.com', '27/7/2017', '26/6/2020');
INSERT INTO Empleado (id_empleado, nombre, apellidos, dni, sueldo, mail, fecha_contratacion, fecha_de_despido) VALUES (35, 'María', 'Martínez', '69527927J', 1435.0, 'mmartnez2510@gmail.com', '4/1/2000', '15/9/2001');
INSERT INTO Empleado (id_empleado, nombre, apellidos, dni, sueldo, mail, fecha_contratacion, fecha_de_despido) VALUES (36, 'Antonio', 'Martínez', '13581723Z', 1435.0, 'amartnez3510@gmail.com', '9/8/2005', '4/9/2007');
INSERT INTO Empleado (id_empleado, nombre, apellidos, dni, sueldo, mail, fecha_contratacion, fecha_de_despido) VALUES (37, 'Ana', 'Martínez', '23126597P', 1435.0, 'amartnez2510@gmail.com', '16/4/2011', '27/4/2013');
INSERT INTO Empleado (id_empleado, nombre, apellidos, dni, sueldo, mail, fecha_contratacion, fecha_de_despido) VALUES (38, 'Luis', 'Fernández', '13856085X', 1435.0, 'lfernndez5710@gmail.com', '24/11/2018', '3/8/2020');
INSERT INTO Empleado (id_empleado, nombre, apellidos, dni, sueldo, mail, fecha_contratacion, fecha_de_despido) VALUES (39, 'Antonio', 'García', '34714111H', 1435.0, 'agarca4710@gmail.com', '28/5/2011', '21/2/2013');
INSERT INTO Empleado (id_empleado, nombre, apellidos, dni, sueldo, mail, fecha_contratacion, fecha_de_despido) VALUES (40, 'Manuel', 'Gómez', '57156631M', 2016.2, 'mgmez6310@gmail.com', '3/2/2003', '1/8/2004');
INSERT INTO Empleado (id_empleado, nombre, apellidos, dni, sueldo, mail, fecha_contratacion, fecha_de_despido) VALUES (41, 'Sofía', 'Pérez', '81906738H', 2016.2, 'sprez2610@gmail.com', '12/4/2013', '13/2/2014');
INSERT INTO Empleado (id_empleado, nombre, apellidos, dni, sueldo, mail, fecha_contratacion, fecha_de_despido) VALUES (42, 'Antonio', 'López', '52439057N', 2016.2, 'apez7710@gmail.com', '8/8/2014', '15/6/2016');
INSERT INTO Empleado (id_empleado, nombre, apellidos, dni, sueldo, mail, fecha_contratacion, fecha_de_despido) VALUES (43, 'Ana', 'Moreno', '85142406Q', 2016.2, 'amoreno2810@gmail.com', '24/3/2016', '13/5/2019');
INSERT INTO Empleado (id_empleado, nombre, apellidos, dni, sueldo, mail, fecha_contratacion, fecha_de_despido) VALUES (44, 'Pedro', 'González', '42212212G', 2016.2, 'pgonzlez7110@gmail.com', '8/12/2005', '13/8/2007');
INSERT INTO Empleado (id_empleado, nombre, apellidos, dni, sueldo, mail, fecha_contratacion, fecha_de_despido) VALUES (45, 'Carmen', 'Pérez', '23792897I', 2016.2, 'cprez6810@gmail.com', '13/5/2019', '11/2/2022');
INSERT INTO Empleado (id_empleado, nombre, apellidos, dni, sueldo, mail, fecha_contratacion, fecha_de_despido) VALUES (46, 'Juan', 'López', '90162108V', 2016.2, 'jlpez8710@gmail.com', '3/2/2004', '25/8/2005');
INSERT INTO Empleado (id_empleado, nombre, apellidos, dni, sueldo, mail, fecha_contratacion, fecha_de_despido) VALUES (47, 'Sofía', 'Pérez', '48424156D', 2016.2, 'sprez2710@gmail.com', '22/5/2006', '22/5/2006');
INSERT INTO Empleado (id_empleado, nombre, apellidos, dni, sueldo, mail, fecha_contratacion, fecha_de_despido) VALUES (48, 'Pedro', 'García', '46245088E', 2016.2, 'pgarca2610@gmail.com', '19/8/2009', '15/4/2012');
INSERT INTO Empleado (id_empleado, nombre, apellidos, dni, sueldo, mail, fecha_contratacion, fecha_de_despido) VALUES (49, 'Pedro', 'Martínez', '68078915A', 2016.2, 'pmartnez6010@gmail.com', '8/3/2008', '18/9/2009');
INSERT INTO Empleado (id_empleado, nombre, apellidos, dni, sueldo, mail, fecha_contratacion, fecha_de_despido) VALUES (50, 'Pedro', 'Moreno', '87680307J', 2016.2, 'pmoreno310@gmail.com', '8/1/2007', '8/1/2007');
INSERT INTO Empleado (id_empleado, nombre, apellidos, dni, sueldo, mail, fecha_contratacion, fecha_de_despido) VALUES (51, 'Juan', 'Sánchez', '96165293Y', 1990.4, 'jsnchez2310@gmail.com', '9/4/2005', '9/4/2005');
INSERT INTO Empleado (id_empleado, nombre, apellidos, dni, sueldo, mail, fecha_contratacion, fecha_de_despido) VALUES (52, 'Antonio', 'López', '11936192I', 1990.4, 'alpez3810@gmail.com', '18/4/2002', '19/12/2003');
INSERT INTO Empleado (id_empleado, nombre, apellidos, dni, sueldo, mail, fecha_contratacion, fecha_de_despido) VALUES (53, 'Isabel', 'Pérez', '54746653T', 1990.4, 'iprez6810@gmail.com', '17/3/2009', '24/1/2010');
INSERT INTO Empleado (id_empleado, nombre, apellidos, dni, sueldo, mail, fecha_contratacion, fecha_de_despido) VALUES (54, 'Isabel', 'García', '68550019U', 1990.4, 'igarca4310@gmail.com', '6/11/2009', '19/11/2011');
INSERT INTO Empleado (id_empleado, nombre, apellidos, dni, sueldo, mail, fecha_contratacion, fecha_de_despido) VALUES (55, 'Ana', 'Pérez', '14841789P', 1990.4, 'aprez7210@gmail.com', '19/10/2023', '2/3/2025');
INSERT INTO Empleado (id_empleado, nombre, apellidos, dni, sueldo, mail, fecha_contratacion, fecha_de_despido) VALUES (56, 'Sofía', 'Gómez', '85701245H', 1990.4, 'sgmez7310@gmail.com', '8/10/2007', '8/10/2007');
INSERT INTO Empleado (id_empleado, nombre, apellidos, dni, sueldo, mail, fecha_contratacion, fecha_de_despido) VALUES (57, 'María', 'Martínez', '88175439X', 1990.4, 'mmartnez510@gmail.com', '25/9/2023', '26/5/2024');
INSERT INTO Empleado (id_empleado, nombre, apellidos, dni, sueldo, mail, fecha_contratacion, fecha_de_despido) VALUES (58, 'Manuel', 'González', '97034684Z', 1990.4, 'mgonzlez3010@gmail.com', '26/1/2016', '26/1/2016');
INSERT INTO Empleado (id_empleado, nombre, apellidos, dni, sueldo, mail, fecha_contratacion, fecha_de_despido) VALUES (59, 'Ana', 'González', '46438557H', 1990.4, 'agonzlez3510@gmail.com', '11/4/2007', '11/4/2007');
INSERT INTO Empleado (id_empleado, nombre, apellidos, dni, sueldo, mail, fecha_contratacion, fecha_de_despido) VALUES (60, 'María', 'Martínez', '88529079V', 1990.4, 'mmartnez8010@gmail.com', '7/12/2015', '9/10/2018');
INSERT INTO Empleado (id_empleado, nombre, apellidos, dni, sueldo, mail, fecha_contratacion, fecha_de_despido) VALUES (61, 'Juan', 'Gómez', '84866556F', 1990.4, 'jgmez8610@gmail.com', '6/6/2011', '14/1/2013');
INSERT INTO Empleado (id_empleado, nombre, apellidos, dni, sueldo, mail, fecha_contratacion, fecha_de_despido) VALUES (62, 'Isabel', 'Gómez', '37458498M', 1990.4, 'igmez1410@gmail.com', '19/3/2008', '16/8/2009');
INSERT INTO Empleado (id_empleado, nombre, apellidos, dni, sueldo, mail, fecha_contratacion, fecha_de_despido) VALUES (63, 'Juan', 'Sánchez', '34068608S', 1990.4, 'jsnchez6110@gmail.com', '28/9/2011', '15/3/2012');
INSERT INTO Empleado (id_empleado, nombre, apellidos, dni, sueldo, mail, fecha_contratacion, fecha_de_despido) VALUES (64, 'Pedro', 'Fernández', '43539697K', 1990.4, 'pfernndez7910@gmail.com', '1/11/2008', '5/2/2009');
INSERT INTO Empleado (id_empleado, nombre, apellidos, dni, sueldo, mail, fecha_contratacion, fecha_de_despido) VALUES (65, 'Isabel', 'Fernández', '20488781Q', 1990.4, 'ifernndez7710@gmail.com', '23/8/2016', '23/8/2016');
INSERT INTO Empleado (id_empleado, nombre, apellidos, dni, sueldo, mail, fecha_contratacion, fecha_de_despido) VALUES (66, 'Isabel', 'Sánchez', '46568825I', 1990.4, 'isnchez7410@gmail.com', '6/3/2017', '18/8/2017');
INSERT INTO Empleado (id_empleado, nombre, apellidos, dni, sueldo, mail, fecha_contratacion, fecha_de_despido) VALUES (67, 'Isabel', 'Pérez', '27595753E', 1990.4, 'iprez7010@gmail.com', '19/9/2004', '26/8/2005');
INSERT INTO Empleado (id_empleado, nombre, apellidos, dni, sueldo, mail, fecha_contratacion, fecha_de_despido) VALUES (68, 'Pedro', 'Fernández', '28465065Y', 1799.0, 'pfernndez2510@gmail.com', '8/10/2021', '19/2/2024');
INSERT INTO Empleado (id_empleado, nombre, apellidos, dni, sueldo, mail, fecha_contratacion, fecha_de_despido) VALUES (69, 'Antonio', 'García', '48375597D',  1799.0, 'agarca5210@gmail.com', '9/9/2011', '26/4/2012');
INSERT INTO Empleado (id_empleado, nombre, apellidos, dni, sueldo, mail, fecha_contratacion, fecha_de_despido) VALUES (70, 'Sofía', 'García', '14759494K',  1799.0, 'sgarca2010@gmail.com', '23/4/2008', '23/4/2008');
INSERT INTO Empleado (id_empleado, nombre, apellidos, dni, sueldo, mail, fecha_contratacion, fecha_de_despido) VALUES (71, 'Luis', 'Moreno', '17432574F',  1799.0, 'lmoreno2010@gmail.com', '26/5/2015', '7/3/2018');
INSERT INTO Empleado (id_empleado, nombre, apellidos, dni, sueldo, mail, fecha_contratacion, fecha_de_despido) VALUES (72, 'Juan', 'González', '43503400E',  1799.0, 'jgonzlez3410@gmail.com', '14/1/2014', '23/1/2014');
INSERT INTO Empleado (id_empleado, nombre, apellidos, dni, sueldo, mail, fecha_contratacion, fecha_de_despido) VALUES (73, 'Carmen', 'López', '14064175O',  1799.0, 'clpez2810@gmail.com', '9/4/2003', '6/10/2006');
INSERT INTO Empleado (id_empleado, nombre, apellidos, dni, sueldo, mail, fecha_contratacion, fecha_de_despido) VALUES (74, 'Ana', 'Moreno', '59150500V',  1799.0, 'amoreno910@gmail.com', '27/8/2008', '24/1/2009');
INSERT INTO Empleado (id_empleado, nombre, apellidos, dni, sueldo, mail, fecha_contratacion, fecha_de_despido) VALUES (75, 'Sofía', 'Sánchez', '93908087D',  1799.0, 'ssnchez3610@gmail.com', '18/3/2023', '18/3/2023');
INSERT INTO Empleado (id_empleado, nombre, apellidos, dni, sueldo, mail, fecha_contratacion, fecha_de_despido) VALUES (76, 'Antonio', 'García', '14456036C',  1799.0, 'agarca6510@gmail.com', '15/6/2021', '19/10/2024');
INSERT INTO Empleado (id_empleado, nombre, apellidos, dni, sueldo, mail, fecha_contratacion, fecha_de_despido) VALUES (77, 'Ana', 'Sánchez', '48247182B',  1799.0, 'asnchez7110@gmail.com', '25/3/2016', '25/3/2016');
INSERT INTO Empleado (id_empleado, nombre, apellidos, dni, sueldo, mail, fecha_contratacion, fecha_de_despido) VALUES (78, 'Isabel', 'Moreno', '25217891D',  1799.0, 'imoreno1810@gmail.com', '3/3/2022', '3/3/2022');
INSERT INTO Empleado (id_empleado, nombre, apellidos, dni, sueldo, mail, fecha_contratacion, fecha_de_despido) VALUES (79, 'Antonio', 'García', '10596017K',  1799.0, 'agarca7110@gmail.com', '23/3/2008', '18/4/2009');
INSERT INTO Empleado (id_empleado, nombre, apellidos, dni, sueldo, mail, fecha_contratacion, fecha_de_despido) VALUES (80, 'Carmen', 'González', '97573136M',  1799.0, 'cgonzlez1810@gmail.com', '8/3/2021', '7/8/2021');
INSERT INTO Empleado (id_empleado, nombre, apellidos, dni, sueldo, mail, fecha_contratacion, fecha_de_despido) VALUES (81, 'Pedro', 'Rodríguez', '92589008W',  1799.0, 'prodrguez4110@gmail.com', '1/1/2011', '10/9/2011');
INSERT INTO Empleado (id_empleado, nombre, apellidos, dni, sueldo, mail, fecha_contratacion, fecha_de_despido) VALUES (82, 'Manuel', 'González', '61456251C',  1799.0, 'mgonzlez8410@gmail.com', '11/11/2003', '25/8/2006');
INSERT INTO Empleado (id_empleado, nombre, apellidos, dni, sueldo, mail, fecha_contratacion, fecha_de_despido) VALUES (83, 'Antonio', 'García', '77176292X',  1799.0, 'agarca210@gmail.com', '3/6/2009', '8/6/2012');
INSERT INTO Empleado (id_empleado, nombre, apellidos, dni, sueldo, mail, fecha_contratacion, fecha_de_despido) VALUES (84, 'María', 'Martínez', '68836933M',  1799.0, 'mmartnez5510@gmail.com', '9/10/2021', '1/12/2023');
INSERT INTO Empleado (id_empleado, nombre, apellidos, dni, sueldo, mail, fecha_contratacion, fecha_de_despido) VALUES (85, 'Luis', 'Martínez', '85088775A',  1799.0, 'lmartnez8510@gmail.com', '17/4/2017', '12/1/2020');
INSERT INTO Empleado (id_empleado, nombre, apellidos, dni, sueldo, mail, fecha_contratacion, fecha_de_despido) VALUES (86, 'María', 'Sánchez', '56199566P',  1799.0, 'msnchez1110@gmail.com', '25/3/2019', '18/7/2020');
INSERT INTO Empleado (id_empleado, nombre, apellidos, dni, sueldo, mail, fecha_contratacion, fecha_de_despido) VALUES (87, 'Carmen', 'Gómez', '66329967G',  1799.0, 'cgmez5410@gmail.com', '21/10/2022', '18/11/2025');
INSERT INTO Empleado (id_empleado, nombre, apellidos, dni, sueldo, mail, fecha_contratacion, fecha_de_despido) VALUES (88, 'Isabel', 'Sánchez', '60797130H',  1799.0, 'isnchez110@gmail.com', '10/11/2019', '25/3/2021');
INSERT INTO Empleado (id_empleado, nombre, apellidos, dni, sueldo, mail, fecha_contratacion, fecha_de_despido) VALUES (89, 'Carmen', 'Moreno', '95669557Q',  1799.0, 'cmoreno5610@gmail.com', '16/7/2012', '9/10/2014');
INSERT INTO Empleado (id_empleado, nombre, apellidos, dni, sueldo, mail, fecha_contratacion, fecha_de_despido) VALUES (90, 'Ana', 'González', '14082301S',  1799.0, 'agonzlez510@gmail.com', '24/9/2002', '22/1/2004');
INSERT INTO Empleado (id_empleado, nombre, apellidos, dni, sueldo, mail, fecha_contratacion, fecha_de_despido) VALUES (91, 'María', 'Pérez', '36713292O',  1799.0, 'mprez7710@gmail.com', '19/2/2016', '13/9/2019');
INSERT INTO Empleado (id_empleado, nombre, apellidos, dni, sueldo, mail, fecha_contratacion, fecha_de_despido) VALUES (92, 'Carmen', 'Fernández', '13325568L',  1799.0, 'cfernndez3010@gmail.com', '15/1/2004', '6/7/2005');
INSERT INTO Empleado (id_empleado, nombre, apellidos, dni, sueldo, mail, fecha_contratacion, fecha_de_despido) VALUES (93, 'Luis', 'González', '69350218G',  1799.0, 'lgonzlez1410@gmail.com', '4/10/2007', '12/10/2007');
INSERT INTO Empleado (id_empleado, nombre, apellidos, dni, sueldo, mail, fecha_contratacion, fecha_de_despido) VALUES (94, 'Sofía', 'Martínez', '73102496Q',  1799.0, 'smartnez4910@gmail.com', '16/10/2014', '26/7/2017');
INSERT INTO Empleado (id_empleado, nombre, apellidos, dni, sueldo, mail, fecha_contratacion, fecha_de_despido) VALUES (95, 'Juan', 'Fernández', '83031845Y',  1799.0, 'jfernndez1910@gmail.com', '12/9/2011', '22/10/2012');
INSERT INTO Empleado (id_empleado, nombre, apellidos, dni, sueldo, mail, fecha_contratacion, fecha_de_despido) VALUES (96, 'Ana', 'Martínez', '50479465A',  1799.0, 'amartnez5410@gmail.com', '6/5/2008', '6/5/2008');
INSERT INTO Empleado (id_empleado, nombre, apellidos, dni, sueldo, mail, fecha_contratacion, fecha_de_despido) VALUES (97, 'Sofía', 'Gómez', '94462028D',  1799.0, 'sgmez4510@gmail.com', '4/12/2005', '9/4/2008');
INSERT INTO Empleado (id_empleado, nombre, apellidos, dni, sueldo, mail, fecha_contratacion, fecha_de_despido) VALUES (98, 'María', 'García', '31043113O',  1799.0, 'mgarca3710@gmail.com', '21/3/2007', '5/11/2009');
INSERT INTO Empleado (id_empleado, nombre, apellidos, dni, sueldo, mail, fecha_contratacion, fecha_de_despido) VALUES (99, 'Carmen', 'Fernández', '78139522S',  1799.0, 'cfernndez1010@gmail.com', '1/6/2020', '1/5/2023');
INSERT INTO Empleado (id_empleado, nombre, apellidos, dni, sueldo, mail, fecha_contratacion, fecha_de_despido) VALUES (100, 'Antonio', 'Sánchez', '79917142R', 1435.0, 'asnchez710@gmail.com', '3/10/2010', '20/6/2013');
--Los semestres se organizan por fechas actuales,a los tres meses se cambia el semestre es decir 30/03/2023
insert into Clase (num_clase, semestre) values (1, '30/03/2023');
insert into Clase (num_clase, semestre) values (2, '30/03/2023');
insert into Clase (num_clase, semestre) values (3, '30/03/2023');
insert into Clase (num_clase, semestre) values (4, '30/03/2023');
insert into Clase (num_clase, semestre) values (5, '30/03/2023');
insert into Clase (num_clase, semestre) values (6, '30/03/2023');
insert into Clase (num_clase, semestre) values (7, '30/03/2023');
insert into Clase (num_clase, semestre) values (8, '30/03/2023');
insert into Clase (num_clase, semestre) values (9, '30/03/2023');
insert into Clase (num_clase, semestre) values (10,'30/03/2023');



insert into Alumno (num_Clase, cuota, id_dieta, nombre, apellido1, apellido2, alergias) values (8, 800, 1, 'Pablo', 'Castilla', 'Serrano', 'Alergia al perfume');
insert into Alumno (num_Clase, cuota, id_dieta, nombre, apellido1, apellido2, alergias) values (1, 350, 2, 'Manuel', 'Cabrera', 'Peralta', 'Alergia al látex');
insert into Alumno (num_Clase, cuota, id_dieta, nombre, apellido1, apellido2, alergias) values (8, 800, 3, 'Guillermo', 'Escobar', 'Torres', 'Alergia al sol');
insert into Alumno (num_Clase, cuota, id_dieta, nombre, apellido1, apellido2, alergias) values (9, 900, 4, 'David', 'Pineda', 'Fernández', 'Sin alergias');
insert into Alumno (num_Clase, cuota, id_dieta, nombre, apellido1, apellido2, alergias) values (4, 350, 5, 'Jorge', 'Peralta', 'Ruiz', 'Alergia al moho');
insert into Alumno (num_Clase, cuota, id_dieta, nombre, apellido1, apellido2, alergias) values (1, 900, 6, 'Arturo', 'Ávila', 'Pineda', 'Alergia al sol');
insert into Alumno (num_Clase, cuota, id_dieta, nombre, apellido1, apellido2, alergias) values (10, 800, 7, 'Francisco', 'Fuentes', 'Carrasco', 'Alergia al humo');
insert into Alumno (num_Clase, cuota, id_dieta, nombre, apellido1, apellido2, alergias) values (3, 800, 8, 'Alejandro', 'Molina', 'Aguilar', 'Alergia al látex');
insert into Alumno (num_Clase, cuota, id_dieta, nombre, apellido1, apellido2, alergias) values (1, 900, 9, 'Ramón', 'Cervantes', 'Osorio', 'Alergia a los alimentos concretos');
insert into Alumno (num_Clase, cuota, id_dieta, nombre, apellido1, apellido2, alergias) values (10, 900, 10, 'Bruno', 'Carrasco', 'Calvo', 'Alergia al látex');
insert into Alumno (num_Clase, cuota, id_dieta, nombre, apellido1, apellido2, alergias) values (6, 350, 11, 'Guillermo', 'Aguado', 'Ríos', 'Alergia al calor');
insert into Alumno (num_Clase, cuota, id_dieta, nombre, apellido1, apellido2, alergias) values (3, 800, 12, 'Jorge', 'Castilla', 'Gómez', 'Alergia a los alimentos concretos');
insert into Alumno (num_Clase, cuota, id_dieta, nombre, apellido1, apellido2, alergias) values (6, 350, 13, 'Alejandro', 'Rivas', 'Gallego', 'Alergia al polvo');
insert into Alumno (num_Clase, cuota, id_dieta, nombre, apellido1, apellido2, alergias) values (9, 900, 14, 'José', 'Vargas', 'Oliver', 'Alergia al agua');
insert into Alumno (num_Clase, cuota, id_dieta, nombre, apellido1, apellido2, alergias) values (1, 350, 15, 'Miguel', 'Molina', 'Ortiz', 'Alergia a los árboles');
insert into Alumno (num_Clase, cuota, id_dieta, nombre, apellido1, apellido2, alergias) values (3, 900, 16, 'Antonio', 'Cortés', 'Cabrera', 'Sin alergias');
insert into Alumno (num_Clase, cuota, id_dieta, nombre, apellido1, apellido2, alergias) values (6, 900, 17, 'Rubén', 'Escobar', 'Estévez', 'Alergia a los productos químicos');
insert into Alumno (num_Clase, cuota, id_dieta, nombre, apellido1, apellido2, alergias) values (8, 800, 18, 'Diego', 'Cabrera', 'Martínez', 'Alergia al polen');
insert into Alumno (num_Clase, cuota, id_dieta, nombre, apellido1, apellido2, alergias) values (6, 350, 19, 'Bruno', 'Benítez', 'Benítez', 'Alergia al calor');
insert into Alumno (num_Clase, cuota, id_dieta, nombre, apellido1, apellido2, alergias) values (1, 900, 20, 'Gonzalo', 'Fuentes', 'Benítez', 'Sin alergias');
insert into Alumno (num_Clase, cuota, id_dieta, nombre, apellido1, apellido2, alergias) values (9, 350, 21, 'Álvaro', 'Núñez', 'Gómez', 'Alergia a los medicamentos');
insert into Alumno (num_Clase, cuota, id_dieta, nombre, apellido1, apellido2, alergias) values (2, 350, 22, 'Enrique', 'León', 'Medina', 'Alergia a los árboles');
insert into Alumno (num_Clase, cuota, id_dieta, nombre, apellido1, apellido2, alergias) values (6, 900, 23, 'Héctor', 'Moreno', 'Molina', 'Alergia al humo');
insert into Alumno (num_Clase, cuota, id_dieta, nombre, apellido1, apellido2, alergias) values (7, 800, 24, 'Ramón', 'Martínez', 'García', 'Alergia a los insectos');
insert into Alumno (num_Clase, cuota, id_dieta, nombre, apellido1, apellido2, alergias) values (10, 900, 25, 'Eduardo', 'Suárez', 'López', 'Alergia al perfume');
insert into Alumno (num_Clase, cuota, id_dieta, nombre, apellido1, apellido2, alergias) values (8, 900, 26, 'Ismael', 'Esquivel', 'Flores', 'Alergia al maquillaje');
insert into Alumno (num_Clase, cuota, id_dieta, nombre, apellido1, apellido2, alergias) values (10, 350, 27, 'Bruno', 'Cárdenas', 'Castilla', 'Alergia al perfume');
insert into Alumno (num_Clase, cuota, id_dieta, nombre, apellido1, apellido2, alergias) values (4, 800, 28, 'Victor', 'Domínguez', 'Castro', 'Alergia al moho');
insert into Alumno (num_Clase, cuota, id_dieta, nombre, apellido1, apellido2, alergias) values (10, 900, 29, 'Álvaro', 'Miranda', 'Flores', 'Alergia al moho');
insert into Alumno (num_Clase, cuota, id_dieta, nombre, apellido1, apellido2, alergias) values (3, 350, 30, 'Esteban', 'Solís', 'Flores', 'Alergia al látex');
insert into Alumno (num_Clase, cuota, id_dieta, nombre, apellido1, apellido2, alergias) values (10, 350, 31, 'Pablo', 'Lugo', 'Mora', 'Alergia al maquillaje');
insert into Alumno (num_Clase, cuota, id_dieta, nombre, apellido1, apellido2, alergias) values (7, 900, 32, 'Fernando', 'González', 'Mendoza', 'Alergia al perfume');
insert into Alumno (num_Clase, cuota, id_dieta, nombre, apellido1, apellido2, alergias) values (4, 350, 33, 'Manuel', 'Domínguez', 'Molina', 'Alergia al látex');
insert into Alumno (num_Clase, cuota, id_dieta, nombre, apellido1, apellido2, alergias) values (10, 350, 34, 'Esteban', 'Ramos', 'Castillo', 'Sin alergias');
insert into Alumno (num_Clase, cuota, id_dieta, nombre, apellido1, apellido2, alergias) values (5, 900, 35, 'José Luis', 'Fernández', 'Villalobos', 'Alergia a los productos químicos');
insert into Alumno (num_Clase, cuota, id_dieta, nombre, apellido1, apellido2, alergias) values (1, 900, 36, 'Jorge', 'Hidalgo', 'Santamaría', 'Alergia al polvo');
insert into Alumno (num_Clase, cuota, id_dieta, nombre, apellido1, apellido2, alergias) values (6, 800, 37, 'Bruno', 'Pascual', 'Hernández', 'Alergia al frío');
insert into Alumno (num_Clase, cuota, id_dieta, nombre, apellido1, apellido2, alergias) values (1, 350, 38, 'Eduardo', 'Santamaría', 'Medina', 'Alergia al polvo');
insert into Alumno (num_Clase, cuota, id_dieta, nombre, apellido1, apellido2, alergias) values (3, 900, 39, 'Antonio', 'García', 'García', 'Alergia a los insectos');
insert into Alumno (num_Clase, cuota, id_dieta, nombre, apellido1, apellido2, alergias) values (2, 900, 40, 'Sergio', 'Castilla', 'García', 'Alergia a los insectos');
insert into Alumno (num_Clase, cuota, id_dieta, nombre, apellido1, apellido2, alergias) values (2, 350, 41, 'José Luis', 'Molina', 'Castilla', 'Alergia a los ácaros del polvo');
insert into Alumno (num_Clase, cuota, id_dieta, nombre, apellido1, apellido2, alergias) values (5, 900, 42, 'Daniel', 'Benítez', 'Carrasco', 'Alergia a los productos químicos');
insert into Alumno (num_Clase, cuota, id_dieta, nombre, apellido1, apellido2, alergias) values (4, 900, 43, 'Israel', 'León', 'Hidalgo', 'Alergia al frío');
insert into Alumno (num_Clase, cuota, id_dieta, nombre, apellido1, apellido2, alergias) values (8, 900, 44, 'Alejandro', 'Muñoz', 'Guerrero', 'Alergia a los medicamentos');
insert into Alumno (num_Clase, cuota, id_dieta, nombre, apellido1, apellido2, alergias) values (8, 900, 45, 'Gabriel', 'Aguilar', 'Sánchez', 'Alergia al látex');
insert into Alumno (num_Clase, cuota, id_dieta, nombre, apellido1, apellido2, alergias) values (7, 900, 46, 'Sergio', 'Medina', 'Castro', 'Alergia al perfume');
insert into Alumno (num_Clase, cuota, id_dieta, nombre, apellido1, apellido2, alergias) values (10, 800, 47, 'Luis', 'Castro', 'Ramos', 'Alergia a los alimentos concretos');
insert into Alumno (num_Clase, cuota, id_dieta, nombre, apellido1, apellido2, alergias) values (8, 800, 48, 'Esteban', 'Rodríguez', 'Ramos', 'Alergia al moho');
insert into Alumno (num_Clase, cuota, id_dieta, nombre, apellido1, apellido2, alergias) values (7, 900, 49, 'Antonio', 'Estévez', 'Vargas', 'Alergia a los medicamentos');
insert into Alumno (num_Clase, cuota, id_dieta, nombre, apellido1, apellido2, alergias) values (5, 900, 50, 'Álvaro', 'Álvarez', 'Romero', 'Alergia a los medicamentos');
insert into Alumno (num_Clase, cuota, id_dieta, nombre, apellido1, apellido2, alergias) values (1, 500, 51, 'Pablo', 'Flores', 'Vargas', 'Alergia al calor');
insert into Alumno (num_Clase, cuota, id_dieta, nombre, apellido1, apellido2, alergias) values (6, 500, 52, 'Ricardo', 'Martínez', 'Domínguez', 'Alergia al polen');
insert into Alumno (num_Clase, cuota, id_dieta, nombre, apellido1, apellido2, alergias) values (1, 500, 53, 'Raúl', 'Aguilar', 'Vega', 'Alergia al polvo');
insert into Alumno (num_Clase, cuota, id_dieta, nombre, apellido1, apellido2, alergias) values (10, 300, 54, 'Francisco', 'Domínguez', 'Gutiérrez', 'Alergia a los insectos');
insert into Alumno (num_Clase, cuota, id_dieta, nombre, apellido1, apellido2, alergias) values (10, 600, 55, 'Enrique', 'Esquivel', 'Ramos', 'Alergia a los ácaros del polvo');
insert into Alumno (num_Clase, cuota, id_dieta, nombre, apellido1, apellido2, alergias) values (9, 900, 56, 'Eduardo', 'Morales', 'Suárez', 'Alergia al perfume');
insert into Alumno (num_Clase, cuota, id_dieta, nombre, apellido1, apellido2, alergias) values (10, 300, 57, 'Jorge', 'Sierra', 'García', 'Alergia a los alimentos concretos');
insert into Alumno (num_Clase, cuota, id_dieta, nombre, apellido1, apellido2, alergias) values (9, 400, 58, 'Manuel', 'Miranda', 'Miranda', 'Alergia al humo');
insert into Alumno (num_Clase, cuota, id_dieta, nombre, apellido1, apellido2, alergias) values (5, 300, 59, 'Daniel', 'Morales', 'Ruiz', 'Alergia a los productos químicos');
insert into Alumno (num_Clase, cuota, id_dieta, nombre, apellido1, apellido2, alergias) values (3, 300, 60, 'Manuel', 'Lugo', 'Gutiérrez', 'Alergia al agua');
insert into Alumno (num_Clase, cuota, id_dieta, nombre, apellido1, apellido2, alergias) values (7, 800, 61, 'Emilio', 'Ruiz', 'Sáenz', 'Alergia al humo');
insert into Alumno (num_Clase, cuota, id_dieta, nombre, apellido1, apellido2, alergias) values (3, 800, 62, 'José', 'Valencia', 'Montes', 'Alergia al polen');
insert into Alumno (num_Clase, cuota, id_dieta, nombre, apellido1, apellido2, alergias) values (3, 800, 63, 'Fernando', 'Álvarez', 'Medina', 'Alergia a los productos químicos');
insert into Alumno (num_Clase, cuota, id_dieta, nombre, apellido1, apellido2, alergias) values (2, 800, 64, 'Rubén', 'Estévez', 'Muñoz', 'Alergia al maquillaje');
insert into Alumno (num_Clase, cuota, id_dieta, nombre, apellido1, apellido2, alergias) values (3, 800,65, 'Ricardo', 'Blanco', 'Serrano', 'Alergia a los tintes para el cabello');
insert into Alumno (num_Clase, cuota, id_dieta, nombre, apellido1, apellido2, alergias) values (5, 800, 66, 'Sergio', 'Fuentes', 'Gallego', 'Alergia al humo');
insert into Alumno (num_Clase, cuota, id_dieta, nombre, apellido1, apellido2, alergias) values (1, 900, 67, 'Manuel', 'Fernández', 'Fernández', 'Alergia al sol');
insert into Alumno (num_Clase, cuota, id_dieta, nombre, apellido1, apellido2, alergias) values (5, 800, 68, 'Ramón', 'Oliver', 'Hernández', 'Alergia a los productos químicos');
insert into Alumno (num_Clase, cuota, id_dieta, nombre, apellido1, apellido2, alergias) values (4, 800, 69, 'Esteban', 'Fernández', 'León', 'Alergia al polvo');
insert into Alumno (num_Clase, cuota, id_dieta, nombre, apellido1, apellido2, alergias) values (10, 800, 70, 'Ángel', 'Gallego', 'López', 'Alergia a los productos químicos');
insert into Alumno (num_Clase, cuota, id_dieta, nombre, apellido1, apellido2, alergias) values (4, 600, 71, 'Javier', 'Mendoza', 'Vega', 'Alergia a los animales domésticos');
insert into Alumno (num_Clase, cuota, id_dieta, nombre, apellido1, apellido2, alergias) values (7, 800, 72, 'José', 'Ortiz', 'López', 'Alergia al agua');
insert into Alumno (num_Clase, cuota, id_dieta, nombre, apellido1, apellido2, alergias) values (10, 900, 73, 'Nicolás', 'Flores', 'Miranda', 'Alergia al polen');
insert into Alumno (num_Clase, cuota, id_dieta, nombre, apellido1, apellido2, alergias) values (10, 900, 74, 'Jorge', 'Márquez', 'Serrano', 'Alergia a los animales domésticos');
insert into Alumno (num_Clase, cuota, id_dieta, nombre, apellido1, apellido2, alergias) values (1, 800, 75, 'Victor', 'González', 'Muñoz', 'Alergia al sol');
insert into Alumno (num_Clase, cuota, id_dieta, nombre, apellido1, apellido2, alergias) values (1, 900, 76, 'Manuel', 'López', 'Cano', 'Alergia al sol');
insert into Alumno (num_Clase, cuota, id_dieta, nombre, apellido1, apellido2, alergias) values (6, 350, 77, 'Manuel', 'Hernández', 'Ramos', 'Alergia a los ácaros del polvo');
insert into Alumno (num_Clase, cuota, id_dieta, nombre, apellido1, apellido2, alergias) values (2, 800, 78, 'Pedro', 'Peralta', 'Fuentes', 'Alergia a los tintes para el cabello');
insert into Alumno (num_Clase, cuota, id_dieta, nombre, apellido1, apellido2, alergias) values (3, 900, 79, 'Bruno', 'González', 'Gómez', 'Alergia a los animales domésticos');
insert into Alumno (num_Clase, cuota, id_dieta, nombre, apellido1, apellido2, alergias) values (9, 800, 80, 'Jorge', 'Martínez', 'Escobar', 'Alergia al perfume');
insert into Alumno (num_Clase, cuota, id_dieta, nombre, apellido1, apellido2, alergias) values (3, 800, 81, 'Iván', 'Castro', 'Sáez', 'Alergia a los animales domésticos');
insert into Alumno (num_Clase, cuota, id_dieta, nombre, apellido1, apellido2, alergias) values (6, 800, 82, 'Miguel', 'Carrasco', 'Vega', 'Alergia a los tintes para el cabello');
insert into Alumno (num_Clase, cuota, id_dieta, nombre, apellido1, apellido2, alergias) values (5, 900, 83, 'Manuel', 'García', 'Torres', 'Sin alergias');
insert into Alumno (num_Clase, cuota, id_dieta, nombre, apellido1, apellido2, alergias) values (3, 800, 84, 'Francisco', 'Sánchez', 'Gallego', 'Sin alergias');
insert into Alumno (num_Clase, cuota, id_dieta, nombre, apellido1, apellido2, alergias) values (2, 800, 85, 'Nicolás', 'Aguado', 'Ríos', 'Alergia al perfume');
insert into Alumno (num_Clase, cuota, id_dieta, nombre, apellido1, apellido2, alergias) values (9, 800, 86, 'Ángel', 'Santamaría', 'Ramírez', 'Alergia al humo');
insert into Alumno (num_Clase, cuota, id_dieta, nombre, apellido1, apellido2, alergias) values (5, 800, 87, 'Gabriel', 'Medina', 'Escobar', 'Alergia a los insectos');
insert into Alumno (num_Clase, cuota, id_dieta, nombre, apellido1, apellido2, alergias) values (8, 800, 88, 'Bruno', 'Medina', 'Rodríguez', 'Alergia al látex');
insert into Alumno (num_Clase, cuota, id_dieta, nombre, apellido1, apellido2, alergias) values (6, 800, 89, 'Emilio', 'Sánchez', 'Moreno', 'Alergia al látex');
insert into Alumno (num_Clase, cuota, id_dieta, nombre, apellido1, apellido2, alergias) values (10, 800, 90, 'Eduardo', 'Soria', 'Álvarez', 'Alergia a los ácaros del polvo');
insert into Alumno (num_Clase, cuota, id_dieta, nombre, apellido1, apellido2, alergias) values (8, 800, 91, 'Carlos', 'Rivas', 'Vega', 'Alergia a los ácaros del polvo');
insert into Alumno (num_Clase, cuota, id_dieta, nombre, apellido1, apellido2, alergias) values (2, 800, 92, 'Daniel', 'Castilla', 'Fernández', 'Alergia al perfume');
insert into Alumno (num_Clase, cuota, id_dieta, nombre, apellido1, apellido2, alergias) values (5, 800, 93, 'Ángel', 'Carrasco', 'Benítez', 'Alergia a los ácaros del polvo');
insert into Alumno (num_Clase, cuota, id_dieta, nombre, apellido1, apellido2, alergias) values (8, 800, 94, 'Pedro', 'Benítez', 'Jiménez', 'Alergia a los insectos');
insert into Alumno (num_Clase, cuota, id_dieta, nombre, apellido1, apellido2, alergias) values (9, 800, 95, 'Bruno', 'Carrasco', 'Cárdenas', 'Sin alergias');
insert into Alumno (num_Clase, cuota, id_dieta, nombre, apellido1, apellido2, alergias) values (5, 800, 96, 'David', 'Fuentes', 'Soler', 'Alergia a los insectos');
insert into Alumno (num_Clase, cuota, id_dieta, nombre, apellido1, apellido2, alergias) values (4, 350, 97, 'Alejandro', 'Solís', 'Mora', 'Alergia a los tintes para el cabello');
insert into Alumno (num_Clase, cuota, id_dieta, nombre, apellido1, apellido2, alergias) values (10, 800, 98, 'Raúl', 'Soler', 'Pascual', 'Alergia a los productos químicos');
insert into Alumno (num_Clase, cuota, id_dieta, nombre, apellido1, apellido2, alergias) values (9, 900, 99, 'Guillermo', 'Rubio', 'Álvarez', 'Alergia a los tintes para el cabello');
insert into Alumno (num_Clase, cuota, id_dieta, nombre, apellido1, apellido2, alergias) values (9, 800, 100, 'David', 'González', 'Esquivel', 'Alergia a los tintes para el cabello');

insert into Empresa(nombre, descripcion, cuota, imagen) values ('Limpieza Sur', 'Servicio de limpieza profesional para hogares y oficinas.', 1500.0, 'https://www.fontaneroylimpiezasvalencia.com/wp-content/uploads/2020/04/Empresa-de-limpieza-a-domicilio-Valencia-profesional-300x150.jpg');
insert into Empresa(nombre, descripcion, cuota, imagen) values ('Clean4U', 'Empresa de limpieza y mantenimiento de edificios y espacios públicos.', 2000.0, 'https://www.limpiezasideal.com/wp-content/uploads/2019/09/limpieza-de-hospitales-300x150.jpg');
insert into Empresa(nombre, descripcion, cuota, imagen) values ('Babynut', 'Alimentación infantil saludable y nutritiva para bebés y niños pequeños.', 2500.0, 'https://cdn.visualfy.com/img/bebe-llorando%40480-300x150.jpg');
insert into Empresa(nombre, descripcion, cuota, imagen) values ('Happymilk', 'Leche materna en polvo y alimentos complementarios para bebés y madres lactantes.', 1800.0, 'https://www.esteticalink.com/wp-content/uploads/2015/04/dieta-equilibrada-300x150.jpg');
insert into Empresa(nombre, descripcion, cuota, imagen) values ('The BabyFood Co.', 'Comida orgánica y natural para bebés y niños pequeños, sin conservantes ni aditivos.', 3000.0, 'https://www.arcoirisdelaljarafe.com/wp-content/uploads/2020/05/DSC00262-350x150.gif');
insert into Empresa(nombre, descripcion, cuota, imagen) values ('MediCare', 'Servicios médicos integrales para personas de todas las edades.', 5000.0, 'https://cdn.visualfy.com/img/bebe-llorando%40480-300x150.jpg');
insert into Empresa(nombre, descripcion, cuota, imagen) values ('Salud en Casa', 'Servicios de atención médica en el hogar para pacientes con enfermedades crónicas.', 3500.0, 'https://www.arcoirisdelaljarafe.com/wp-content/uploads/2020/05/DSC00247-350x150.gif');
insert into Empresa(nombre, descripcion, cuota, imagen) values ('Clinica Dia', 'Clínica de atención médica diaria para pacientes con enfermedades crónicas y discapacidades.', 4000.0, 'https://t1.uc.ltmcdn.com/es/posts/8/9/2/remedios_caseros_para_los_gases_del_bebe_41298_300_150.jpg');
ALTER SEQUENCE hibernate_sequence RESTART WITH 1500;