insert into Menu (id , platoPrincipal, segundoPlato) values (1, 'Puré de papaya', 'Puré de coliflor y patata');
insert into Menu (id , platoPrincipal, segundoPlato) values (2, 'Puré de habas y zanahoria', 'Puré de garbanzos y espinacas');
insert into Menu (id , platoPrincipal, segundoPlato) values (3, 'Puré de coliflor', 'Puré de alcachofas');
insert into Menu (id , platoPrincipal, segundoPlato) values (4, 'Puré de pollo y patata', 'Puré de champiñones y pollo');
insert into Menu (id , platoPrincipal, segundoPlato) values (5, 'Puré de papaya', 'Puré de gambas y espinacas');
insert into Menu (id , platoPrincipal, segundoPlato) values (6, 'Puré de mandarina', 'Puré de salmón y brócoli');
insert into Menu (id , platoPrincipal, segundoPlato) values (7, 'Puré de habas y patata', 'Puré de gambas');
insert into Menu (id , platoPrincipal, segundoPlato) values (8, 'Puré de pera y melocotón', 'Puré de zanahoria');
insert into Menu (id , platoPrincipal, segundoPlato) values (9, 'Puré de pomelo', 'Puré de bacalao');
insert into Menu (id , platoPrincipal, segundoPlato) values (10, 'Puré de gambas y espinacas', 'Puré de champiñones');
insert into Menu (id , platoPrincipal, segundoPlato) values (11, 'Puré de champiñones y pollo', 'Puré de guisantes');
insert into Menu (id , platoPrincipal, segundoPlato) values (12, 'Puré de habas y zanahoria', 'Puré de papaya');
insert into Menu (id , platoPrincipal, segundoPlato) values (13, 'Puré de ternera y zanahoria', 'Puré de naranja');
insert into Menu (id , platoPrincipal, segundoPlato) values (14, 'Puré de pollo', 'Puré de ternera');
insert into Menu (id , platoPrincipal, segundoPlato) values (15, 'Puré de guisantes', 'Puré de fresas y plátano');
insert into Menu (id , platoPrincipal, segundoPlato) values (16, 'Puré de champiñones y patata', 'Puré de piña');
insert into Menu (id , platoPrincipal, segundoPlato) values (17, 'Puré de tomate y arroz', 'Puré de ternera y patatas');
insert into Menu (id , platoPrincipal, segundoPlato) values (18, 'Puré de gambas', 'Puré de ternera');
insert into Menu (id , platoPrincipal, segundoPlato) values (19, 'Puré de manzana y melocotón', 'Puré de manzana y melocotón');
insert into Menu (id , platoPrincipal, segundoPlato) values (20, 'Puré de naranja', 'Puré de champiñones y pollo');
insert into Menu (id , platoPrincipal, segundoPlato) values (21, 'Puré de fresas y plátano', 'Puré de champiñones');
insert into Menu (id , platoPrincipal, segundoPlato) values (22, 'Puré de piña', 'Puré de pera y melocotón');
insert into Menu (id , platoPrincipal, segundoPlato) values (23, 'Puré de manzana', 'Puré de habas y zanahoria');
insert into Menu (id , platoPrincipal, segundoPlato) values (24, 'Puré de habas y zanahoria', 'Puré de garbanzos y espinacas');
insert into Menu (id , platoPrincipal, segundoPlato) values (25, 'Puré de lentejas y arroz', 'Puré de salmón y arroz');
insert into Menu (id , platoPrincipal, segundoPlato) values (26, 'Puré de espinacas', 'Puré de coliflor');
insert into Menu (id , platoPrincipal, segundoPlato) values (27, 'Puré de habas', 'Puré de garbanzos');
insert into Menu (id , platoPrincipal, segundoPlato) values (28, 'Puré de bacalao', 'Puré de ternera y patatas');
insert into Menu (id , platoPrincipal, segundoPlato) values (29, 'Puré de ternera y zanahoria', 'Puré de fresas y plátano');
insert into Menu (id , platoPrincipal, segundoPlato) values (30, 'Puré de pollo', 'Puré de lentejas y zanahoria');
/*Empleados Antiguos y Recientes*/

insert into Empleado (id_empleado, nombre, apellidos, dni, sueldo, mail, fecha_contratacion, fecha_despido) values (1, 'ISNARDO', 'Guerrero', '10941240Q', '€1662,86', 'Guerrero06@gmail.com', '28/03/2017', 'en nomina');
insert into Empleado (id_empleado, nombre, apellidos, dni, sueldo, mail, fecha_contratacion, fecha_despido) values (2, 'JUAN ABEL', 'Sáez', '85233820E', '€1583,45', 'Sáez65@gmail.com', '25/06/2020', 'en nomina');
insert into Empleado (id_empleado, nombre, apellidos, dni, sueldo, mail, fecha_contratacion, fecha_despido) values (3, 'RICARDO ISRAEL', 'González', '79439816P', '€1626,58', 'González11@gmail.com', '02/12/2016', 'en nomina');
insert into Empleado (id_empleado, nombre, apellidos, dni, sueldo, mail, fecha_contratacion, fecha_despido) values (4, 'JESUS MANUE', 'Álvarez', '69324072N', '€1706,06', 'Álvarez74@gmail.com', '06/10/2017', 'en nomina');
insert into Empleado (id_empleado, nombre, apellidos, dni, sueldo, mail, fecha_contratacion, fecha_despido) values (5, 'GILBERTO JOSE', 'Muñoz', '09763483Y', '€1385,95', 'Muñoz51@gmail.com', '07/08/2020', 'en nomina');
insert into Empleado (id_empleado, nombre, apellidos, dni, sueldo, mail, fecha_contratacion, fecha_despido) values (6, 'DAVID ELIAS', 'Lugo', '45530060U', '€1449,95', 'Lugo78@gmail.com', '10/01/2020', 'en nomina');
insert into Empleado (id_empleado, nombre, apellidos, dni, sueldo, mail, fecha_contratacion, fecha_despido) values (7, 'GERARDO IVAN', 'Esquivel', '87885389V', '€1438,44', 'Esquivel39@gmail.com', '23/03/2017', 'en nomina');
insert into Empleado (id_empleado, nombre, apellidos, dni, sueldo, mail, fecha_contratacion, fecha_despido) values (8, 'ERICK ARTURO', 'Calvo', '00429656S', '€1594,07', 'Calvo86@gmail.com', '15/04/2016', 'en nomina');
insert into Empleado (id_empleado, nombre, apellidos, dni, sueldo, mail, fecha_contratacion, fecha_despido) values (9, 'ALDO DANIEL', 'García', '22312178U', '€1336,71', 'García79@gmail.com', '23/03/2021', 'en nomina');
insert into Empleado (id_empleado, nombre, apellidos, dni, sueldo, mail, fecha_contratacion, fecha_despido) values (10, 'HUGO ROGELIO', 'Navarro', '17885570Y', '€1397,11', 'Navarro39@gmail.com', '13/08/2016', 'en nomina');
insert into Empleado (id_empleado, nombre, apellidos, dni, sueldo, mail, fecha_contratacion, fecha_despido) values (11, 'JOSE ARTEMIO', 'González', '94531685Q', '€1278,52', 'González83@gmail.com', '08/12/2018', 'en nomina');
insert into Empleado (id_empleado, nombre, apellidos, dni, sueldo, mail, fecha_contratacion, fecha_despido) values (12, 'URIEL ALEJANDRO', 'Gallego', '47073575U', '€1594,36', 'Gallego37@gmail.com', '18/10/2016', 'en nomina');
insert into Empleado (id_empleado, nombre, apellidos, dni, sueldo, mail, fecha_contratacion, fecha_despido) values (13, 'VICTOR DE JESUS', 'Navarro', '88890354U', '€1316,81', 'Navarro27@gmail.com', '14/04/2018', 'en nomina');
insert into Empleado (id_empleado, nombre, apellidos, dni, sueldo, mail, fecha_contratacion, fecha_despido) values (14, 'CARLOS ALEXIS', 'Oliver', '63714271G', '€1275,75', 'Oliver67@gmail.com', '07/06/2016', '04/12/2018');
insert into Empleado (id_empleado, nombre, apellidos, dni, sueldo, mail, fecha_contratacion, fecha_despido) values (15, 'JUAN SAMUEL', 'Castillo', '40044284I', '€1369,52', 'Castillo82@gmail.com', '16/11/2017', '11/12/2018');
insert into Empleado (id_empleado, nombre, apellidos, dni, sueldo, mail, fecha_contratacion, fecha_despido) values (16, 'ALEJANDRO FRANCISCO', 'Castro', '19111834J', '€1602,87', 'Castro44@gmail.com', '03/12/2017', '04/11/2020');
insert into Empleado (id_empleado, nombre, apellidos, dni, sueldo, mail, fecha_contratacion, fecha_despido) values (17, 'QUINTIN', 'Pérez', '11732590R', '€1793,51', 'Pérez63@gmail.com', '18/01/2019', '07/07/2020');
insert into Empleado (id_empleado, nombre, apellidos, dni, sueldo, mail, fecha_contratacion, fecha_despido) values (18, 'REYNALDO', 'González', '12937437Y', '€1790,47', 'González88@gmail.com', '27/02/2020', '05/09/2022');
insert into Empleado (id_empleado, nombre, apellidos, dni, sueldo, mail, fecha_contratacion, fecha_despido) values (19, 'NELSON', 'Cortés', '02321411C', '€1423,82', 'Cortés25@gmail.com', '14/06/2020', '08/09/2019');
insert into Empleado (id_empleado, nombre, apellidos, dni, sueldo, mail, fecha_contratacion, fecha_despido) values (20, 'NOLBERTO', 'Mora', '22005385U', '€1710,87', 'Mora01@gmail.com', '08/08/2021', '06/03/2022');
insert into Empleado (id_empleado, nombre, apellidos, dni, sueldo, mail, fecha_contratacion, fecha_despido) values (21, 'OSCAR EDGARDO', 'Sánchez', '77860283X', '€1380,84', 'Sánchez06@gmail.com', '03/06/2019', '24/12/2022');
insert into Empleado (id_empleado, nombre, apellidos, dni, sueldo, mail, fecha_contratacion, fecha_despido) values (22, 'J. NATIVIDAD', 'Pineda', '86523812M', '€1354,33', 'Pineda18@gmail.com', '30/10/2018', '11/11/2019');
insert into Empleado (id_empleado, nombre, apellidos, dni, sueldo, mail, fecha_contratacion, fecha_despido) values (23, 'JOSE GUADALUPE', 'Valencia', '76502349W', '€1653,63', 'Valencia94@gmail.com', '04/01/2017', '05/04/2021');
insert into Empleado (id_empleado, nombre, apellidos, dni, sueldo, mail, fecha_contratacion, fecha_despido) values (24, 'DONALDO', 'Márquez', '80758823Y', '€1327,76', 'Márquez81@gmail.com', '17/08/2017', '01/03/2022');
insert into Empleado (id_empleado, nombre, apellidos, dni, sueldo, mail, fecha_contratacion, fecha_despido) values (25, 'CHRISTIAN MANUEL', 'Ramos', '53151874X', '€1588,27', 'Ramos28@gmail.com', '30/08/2016', '01/01/2017');
insert into Empleado (id_empleado, nombre, apellidos, dni, sueldo, mail, fecha_contratacion, fecha_despido) values (26, 'JOSE CUTBERTO', 'García', '12069075Y', '€1348,91', 'García79@gmail.com', '27/05/2016', '02/08/2018');
insert into Empleado (id_empleado, nombre, apellidos, dni, sueldo, mail, fecha_contratacion, fecha_despido) values (27, 'ALBERTO RENE', 'Soria', '52299435B', '€1799,52', 'Soria86@gmail.com', '24/11/2018', '30/05/2019');
insert into Empleado (id_empleado, nombre, apellidos, dni, sueldo, mail, fecha_contratacion, fecha_despido) values (28, 'ALFREDO ARTURO', 'Soria', '17760488C', '€1502,90', 'Soria74@gmail.com', '20/08/2018', '20/05/2019');
insert into Empleado (id_empleado, nombre, apellidos, dni, sueldo, mail, fecha_contratacion, fecha_despido) values (29, 'JUAN EUGENIO', 'Ramos', '15315556M', '€1376,65', 'Ramos20@gmail.com', '24/03/2020', '06/11/2021');
insert into Empleado (id_empleado, nombre, apellidos, dni, sueldo, mail, fecha_contratacion, fecha_despido) values (30, 'EDGAR ALBERTO', 'Cortés', '74039906A', '€1226,47', 'Cortés29@gmail.com', '09/12/2018', '14/08/2019');
insert into Empleado (id_empleado, nombre, apellidos, dni, sueldo, mail, fecha_contratacion, fecha_despido) values (31, 'SANTIAGO', 'Ríos', '67366033U', '€1727,49', 'Ríos26@gmail.com', '08/04/2020', '17/12/2021');
insert into Empleado (id_empleado, nombre, apellidos, dni, sueldo, mail, fecha_contratacion, fecha_despido) values (32, 'ADULFO', 'Santamaría', '38613423H', '€1526,27', 'Santamaría39@gmail.com', '19/01/2017', '17/05/2018');
insert into Empleado (id_empleado, nombre, apellidos, dni, sueldo, mail, fecha_contratacion, fecha_despido) values (33, 'BELARMINO', 'Esquivel', '54191270B', '€1356,07', 'Esquivel09@gmail.com', '14/12/2016', '04/03/2019');
insert into Empleado (id_empleado, nombre, apellidos, dni, sueldo, mail, fecha_contratacion, fecha_despido) values (34, 'J ELEAZAR', 'Ruiz', '83991591Z', '€1763,90', 'Ruiz60@gmail.com', '10/03/2019', '12/03/2020');
insert into Empleado (id_empleado, nombre, apellidos, dni, sueldo, mail, fecha_contratacion, fecha_despido) values (35, 'JUAN VICTOR', 'Domínguez', '89111611G', '€1244,25', 'Domínguez83@gmail.com', '05/09/2019', '30/06/2021');
insert into Empleado (id_empleado, nombre, apellidos, dni, sueldo, mail, fecha_contratacion, fecha_despido) values (36, 'HECTOR JESUS', 'Calvo', '10377403P', '€1286,85', 'Calvo56@gmail.com', '26/09/2016', '23/05/2017');
insert into Empleado (id_empleado, nombre, apellidos, dni, sueldo, mail, fecha_contratacion, fecha_despido) values (37, 'CESAR ALFONSO', 'Serrano', '82802311J', '€1615,29', 'Serrano48@gmail.com', '25/06/2022', '27/07/2021');
insert into Empleado (id_empleado, nombre, apellidos, dni, sueldo, mail, fecha_contratacion, fecha_despido) values (38, 'VICENTE RAFAEL', 'Castro', '64735685M', '€1475,78', 'Castro93@gmail.com', '23/12/2020', '11/09/2023');
insert into Empleado (id_empleado, nombre, apellidos, dni, sueldo, mail, fecha_contratacion, fecha_despido) values (39, 'LUIS FERNA', 'Benítez', '13481368E', '€1222,35', 'Benítez42@gmail.com', '19/08/2017', '26/05/2020');
insert into Empleado (id_empleado, nombre, apellidos, dni, sueldo, mail, fecha_contratacion, fecha_despido) values (40, 'AGRIPINO', 'Delgado', '84964057M', '€1240,27', 'Delgado75@gmail.com', '29/09/2017', '18/12/2022');
insert into Empleado (id_empleado, nombre, apellidos, dni, sueldo, mail, fecha_contratacion, fecha_despido) values (41, 'MARTHA', 'Estévez', '18732476Q', '€1272,47', 'Estévez56@gmail.com', '22/09/2022', '02/07/2023');
insert into Empleado (id_empleado, nombre, apellidos, dni, sueldo, mail, fecha_contratacion, fecha_despido) values (42, 'OSCAR ARMANDO', 'Ramírez', '99460652N', '€1299,12', 'Ramírez74@gmail.com', '20/05/2017', '09/04/2022');
insert into Empleado (id_empleado, nombre, apellidos, dni, sueldo, mail, fecha_contratacion, fecha_despido) values (43, 'TEOFILO', 'Delgado', '08656312G', '€1373,14', 'Delgado83@gmail.com', '17/07/2016', '26/02/2020');
insert into Empleado (id_empleado, nombre, apellidos, dni, sueldo, mail, fecha_contratacion, fecha_despido) values (44, 'JOSE', 'Fuentes', '83259273J', '€1422,90', 'Fuentes83@gmail.com', '31/03/2016', '11/03/2020');
insert into Empleado (id_empleado, nombre, apellidos, dni, sueldo, mail, fecha_contratacion, fecha_despido) values (45, 'JESUS AARON', 'Gallego', '42315185A', '€1532,13', 'Gallego61@gmail.com', '15/01/2019', '28/03/2020');
insert into Empleado (id_empleado, nombre, apellidos, dni, sueldo, mail, fecha_contratacion, fecha_despido) values (46, 'MILTON CARLOS', 'Pérez', '18866213L', '€1404,63', 'Pérez09@gmail.com', '11/05/2021', '29/05/2023');
insert into Empleado (id_empleado, nombre, apellidos, dni, sueldo, mail, fecha_contratacion, fecha_despido) values (47, 'JOSE ELMER', 'Montes', '98540192Y', '€1570,69', 'Montes21@gmail.com', '11/02/2016', '15/10/2017');
insert into Empleado (id_empleado, nombre, apellidos, dni, sueldo, mail, fecha_contratacion, fecha_despido) values (48, 'DANIEL RUBEN', 'Soler', '19333655M', '€1441,22', 'Soler98@gmail.com', '16/07/2016', '22/12/2016');
insert into Empleado (id_empleado, nombre, apellidos, dni, sueldo, mail, fecha_contratacion, fecha_despido) values (49, 'HUGO ADRIAN', 'Luna', '50957680T', '€1472,92', 'Luna72@gmail.com', '08/02/2020', '16/07/2021');
insert into Empleado (id_empleado, nombre, apellidos, dni, sueldo, mail, fecha_contratacion, fecha_despido) values (50, 'GERARDO ANTONIO', 'Ramírez', '80224150T', '€1779,07', 'Ramírez49@gmail.com', '20/02/2016', '04/09/2017');
insert into Empleado (id_empleado, nombre, apellidos, dni, sueldo, mail, fecha_contratacion, fecha_despido) values (51, 'CARLOS ERNESTO', 'Soria', '93845570F', '€1466,25', 'Soria88@gmail.com', '24/12/2019', '07/03/2022');
insert into Empleado (id_empleado, nombre, apellidos, dni, sueldo, mail, fecha_contratacion, fecha_despido) values (52, 'MARTIN CARLOS', 'Luna', '74080569P', '€1483,61', 'Luna09@gmail.com', '06/11/2019', '22/09/2020');
insert into Empleado (id_empleado, nombre, apellidos, dni, sueldo, mail, fecha_contratacion, fecha_despido) values (53, 'OMAR EDUARDO', 'Castillo', '44123195C', '€1355,22', 'Castillo60@gmail.com', '13/03/2019', '29/08/2022');
insert into Empleado (id_empleado, nombre, apellidos, dni, sueldo, mail, fecha_contratacion, fecha_despido) values (54, 'PABLO HUMBERTO', 'Flores', '17101484D', '€1316,95', 'Flores43@gmail.com', '17/04/2021', '05/08/2022');
insert into Empleado (id_empleado, nombre, apellidos, dni, sueldo, mail, fecha_contratacion, fecha_despido) values (55, 'JORGE URIEL', 'Martínez', '82945950J', '€1514,16', 'Martínez67@gmail.com', '14/09/2018', '13/11/2019');
insert into Empleado (id_empleado, nombre, apellidos, dni, sueldo, mail, fecha_contratacion, fecha_despido) values (56, 'ROGELIO IVAN', 'Montoya', '17242358S', '€1590,44', 'Montoya32@gmail.com', '30/03/2022', '06/02/2023');
insert into Empleado (id_empleado, nombre, apellidos, dni, sueldo, mail, fecha_contratacion, fecha_despido) values (57, 'ADRIEL', 'Solís', '66259686E', '€1417,30', 'Solís57@gmail.com', '29/01/2017', '21/03/2018');
insert into Empleado (id_empleado, nombre, apellidos, dni, sueldo, mail, fecha_contratacion, fecha_despido) values (58, 'JORGE A', 'Medina', '37971561W', '€1593,73', 'Medina36@gmail.com', '29/12/2016', '27/11/2017');
insert into Empleado (id_empleado, nombre, apellidos, dni, sueldo, mail, fecha_contratacion, fecha_despido) values (59, 'JESUS PEDRO', 'Medina', '08786195Y', '€1530,24', 'Medina29@gmail.com', '15/04/2021', '01/01/2022');
insert into Empleado (id_empleado, nombre, apellidos, dni, sueldo, mail, fecha_contratacion, fecha_despido) values (60, 'HECTOR OMAR', 'Cabrera', '13754416X', '€1628,26', 'Cabrera39@gmail.com', '09/01/2020', '27/03/2021');
insert into Empleado (id_empleado, nombre, apellidos, dni, sueldo, mail, fecha_contratacion, fecha_despido) values (61, 'DIEGO IVAN', 'Ruiz', '65029237M', '€1218,81', 'Ruiz95@gmail.com', '28/06/2016', '03/09/2017');
insert into Empleado (id_empleado, nombre, apellidos, dni, sueldo, mail, fecha_contratacion, fecha_despido) values (62, 'JESUS FERNANDO', 'Gutiérrez', '31352247A', '€1284,95', 'Gutiérrez76@gmail.com', '11/02/2016', '29/06/2018');
insert into Empleado (id_empleado, nombre, apellidos, dni, sueldo, mail, fecha_contratacion, fecha_despido) values (63, 'JUAN JOSE GUADALUPE', 'Peralta', '30562358U', '€1258,57', 'Peralta83@gmail.com', '14/12/2016', '22/06/2018');
insert into Empleado (id_empleado, nombre, apellidos, dni, sueldo, mail, fecha_contratacion, fecha_despido) values (64, 'DARINEL', 'Sánchez', '13734685B', '€1536,12', 'Sánchez82@gmail.com', '24/10/2016', '14/02/2023');
insert into Empleado (id_empleado, nombre, apellidos, dni, sueldo, mail, fecha_contratacion, fecha_despido) values (65, 'JOSE EFREN', 'Peralta', '47488525X', '€1268,14', 'Peralta89@gmail.com', '12/10/2016', '01/04/2019');
insert into Empleado (id_empleado, nombre, apellidos, dni, sueldo, mail, fecha_contratacion, fecha_despido) values (66, 'NORBERTO', 'García', '39475472P', '€1524,69', 'García32@gmail.com', '28/09/2018', '12/05/2023');
insert into Empleado (id_empleado, nombre, apellidos, dni, sueldo, mail, fecha_contratacion, fecha_despido) values (67, 'PATRICIA', 'Soto', '19603595F', '€1591,57', 'Soto74@gmail.com', '24/08/2019', '27/11/2022');
insert into Empleado (id_empleado, nombre, apellidos, dni, sueldo, mail, fecha_contratacion, fecha_despido) values (68, 'JESUS MANU', 'Morales', '35156464M', '€1695,51', 'Morales96@gmail.com', '19/02/2016', '28/05/2023');
insert into Empleado (id_empleado, nombre, apellidos, dni, sueldo, mail, fecha_contratacion, fecha_despido) values (69, 'ROLANDO', 'Vargas', '16385673A', '€1685,13', 'Vargas93@gmail.com', '26/02/2017', '23/02/2019');
insert into Empleado (id_empleado, nombre, apellidos, dni, sueldo, mail, fecha_contratacion, fecha_despido) values (70, 'FRANCISCO DANIEL', 'García', '84478866G', '€1650,43', 'García28@gmail.com', '19/12/2016', '23/07/2018');
insert into Empleado (id_empleado, nombre, apellidos, dni, sueldo, mail, fecha_contratacion, fecha_despido) values (71, 'ALI', 'García', '29247320C', '€1549,42', 'García62@gmail.com', '18/06/2021', '29/06/2023');
insert into Empleado (id_empleado, nombre, apellidos, dni, sueldo, mail, fecha_contratacion, fecha_despido) values (72, 'MAURILIO', 'Torres', '81505380O', '€1663,20', 'Torres76@gmail.com', '28/02/2016', '04/01/2019');
insert into Empleado (id_empleado, nombre, apellidos, dni, sueldo, mail, fecha_contratacion, fecha_despido) values (73, 'VICTOR JOEL', 'Ramírez', '06315652P', '€1372,37', 'Ramírez03@gmail.com', '11/10/2017', '14/06/2020');
insert into Empleado (id_empleado, nombre, apellidos, dni, sueldo, mail, fecha_contratacion, fecha_despido) values (74, 'ELVIRO', 'Cabrera', '04154124C', '€1646,68', 'Cabrera54@gmail.com', '25/01/2017', '02/05/2021');
insert into Empleado (id_empleado, nombre, apellidos, dni, sueldo, mail, fecha_contratacion, fecha_despido) values (75, 'FCO', 'Ramos', '30679825A', '€1386,69', 'Ramos00@gmail.com', '15/05/2018', '12/11/2019');
insert into Empleado (id_empleado, nombre, apellidos, dni, sueldo, mail, fecha_contratacion, fecha_despido) values (76, 'ANTERO', 'Lugo', '67565622I', '€1274,29', 'Lugo57@gmail.com', '16/06/2016', '16/09/2018');
insert into Empleado (id_empleado, nombre, apellidos, dni, sueldo, mail, fecha_contratacion, fecha_despido) values (77, 'GUILLERMO ALFONSO', 'Álvarez', '84375626S', '€1408,09', 'Álvarez63@gmail.com', '24/01/2021', '04/09/2022');
insert into Empleado (id_empleado, nombre, apellidos, dni, sueldo, mail, fecha_contratacion, fecha_despido) values (78, 'CASTO', 'Soto', '56824660K', '€1408,68', 'Soto60@gmail.com', '26/01/2022', '20/04/2023');
insert into Empleado (id_empleado, nombre, apellidos, dni, sueldo, mail, fecha_contratacion, fecha_despido) values (79, 'SILVIA', 'León', '54455886N', '€1251,11', 'León93@gmail.com', '27/06/2020', '19/05/2021');
insert into Empleado (id_empleado, nombre, apellidos, dni, sueldo, mail, fecha_contratacion, fecha_despido) values (80, 'SEVERINO', 'Mora', '56169938T', '€1634,05', 'Mora65@gmail.com', '03/02/2016', '11/01/2018');
insert into Empleado (id_empleado, nombre, apellidos, dni, sueldo, mail, fecha_contratacion, fecha_despido) values (81, 'ANGEL RICARDO', 'Cervantes', '03522362Q', '€1295,03', 'Cervantes55@gmail.com', '06/01/2016', '10/06/2017');
insert into Empleado (id_empleado, nombre, apellidos, dni, sueldo, mail, fecha_contratacion, fecha_despido) values (82, 'HUGO JOSE', 'López', '55541887C', '€1777,85', 'López11@gmail.com', '07/09/2021', '31/10/2022');
insert into Empleado (id_empleado, nombre, apellidos, dni, sueldo, mail, fecha_contratacion, fecha_despido) values (83, 'PAULO SERGIO', 'Ramos', '50412536S', '€1435,18', 'Ramos39@gmail.com', '27/02/2020', '02/07/2022');
insert into Empleado (id_empleado, nombre, apellidos, dni, sueldo, mail, fecha_contratacion, fecha_despido) values (84, 'BENJAMIN ALEJANDRO', 'Ortiz', '42024817C', '€1700,24', 'Ortiz29@gmail.com', '01/02/2019', '25/03/2022');
insert into Empleado (id_empleado, nombre, apellidos, dni, sueldo, mail, fecha_contratacion, fecha_despido) values (85, 'MAURO MARTIN', 'Mora', '30605263P', '€1230,16', 'Mora94@gmail.com', '16/11/2018', '14/01/2019');
insert into Empleado (id_empleado, nombre, apellidos, dni, sueldo, mail, fecha_contratacion, fecha_despido) values (86, 'CARLOS SAUL', 'García', '96604439U', '€1462,41', 'García90@gmail.com', '27/09/2022', '11/02/2023');
insert into Empleado (id_empleado, nombre, apellidos, dni, sueldo, mail, fecha_contratacion, fecha_despido) values (87, 'MICHAEL', 'Mendoza', '25456901S', '€1308,01', 'Mendoza56@gmail.com', '29/08/2017', '12/07/2021');
insert into Empleado (id_empleado, nombre, apellidos, dni, sueldo, mail, fecha_contratacion, fecha_despido) values (88, 'YSIDRO', 'Soler', '29630194R', '€1256,56', 'Soler98@gmail.com', '10/04/2021', '21/03/2022');
insert into Empleado (id_empleado, nombre, apellidos, dni, sueldo, mail, fecha_contratacion, fecha_despido) values (89, 'ROBERTO JOSE', 'Soria', '22095511K', '€1678,47', 'Soria56@gmail.com', '13/09/2021', '20/01/2022');
insert into Empleado (id_empleado, nombre, apellidos, dni, sueldo, mail, fecha_contratacion, fecha_despido) values (90, 'WBALDO', 'Navarro', '69229913E', '€1638,04', 'Navarro80@gmail.com', '23/01/2016', '08/08/2018');
insert into Empleado (id_empleado, nombre, apellidos, dni, sueldo, mail, fecha_contratacion, fecha_despido) values (91, 'RAUL ALFONSO', 'López', '84293415C', '€1309,22', 'López48@gmail.com', '13/04/2021', '12/03/2022');
insert into Empleado (id_empleado, nombre, apellidos, dni, sueldo, mail, fecha_contratacion, fecha_despido) values (92, 'ROBERTO DANIEL', 'Domínguez', '72889475G', '€1276,11', 'Domínguez80@gmail.com', '26/12/2016', '14/10/2019');
insert into Empleado (id_empleado, nombre, apellidos, dni, sueldo, mail, fecha_contratacion, fecha_despido) values (93, 'OSCAR SAMUEL', 'Estévez', '82627347D', '€1209,10', 'Estévez64@gmail.com', '18/04/2016', '25/02/2022');
insert into Empleado (id_empleado, nombre, apellidos, dni, sueldo, mail, fecha_contratacion, fecha_despido) values (94, 'JAIME ALFONSO', 'Blanco', '59287383T', '€1652,07', 'Blanco62@gmail.com', '12/12/2021', '21/08/2022');
insert into Empleado (id_empleado, nombre, apellidos, dni, sueldo, mail, fecha_contratacion, fecha_despido) values (95, 'NABOR', 'González', '83449466S', '€1608,81', 'González77@gmail.com', '08/03/2016', '10/03/2016');
insert into Empleado (id_empleado, nombre, apellidos, dni, sueldo, mail, fecha_contratacion, fecha_despido) values (96, 'RUBEN ALBERTO', 'Osorio', '61624568I', '€1629,75', 'Osorio87@gmail.com', '12/01/2016', '13/03/2016');
insert into Empleado (id_empleado, nombre, apellidos, dni, sueldo, mail, fecha_contratacion, fecha_despido) values (97, 'FELIPE ANTONIO', 'Ramos', '26647767H', '€1655,16', 'Ramos54@gmail.com', '29/03/2021', '17/11/2012');
insert into Empleado (id_empleado, nombre, apellidos, dni, sueldo, mail, fecha_contratacion, fecha_despido) values (98, 'AMAURI', 'Romero', '07760716I', '€1788,06', 'Romero09@gmail.com', '07/09/2022', '11/04/2023');
insert into Empleado (id_empleado, nombre, apellidos, dni, sueldo, mail, fecha_contratacion, fecha_despido) values (99, 'FELIPE ANGEL', 'Romero', '34558345K', '€1236,12', 'Romero68@gmail.com', '02/03/2016', '15/10/2018');
insert into Empleado (id_empleado, nombre, apellidos, dni, sueldo, mail, fecha_contratacion, fecha_despido) values (100, 'ARNALDO', 'López', '57238027K', '€1773,38', 'López74@gmail.com', '28/08/2021', '08/10/2012');

insert into profesor (id_empleado, enPracticas, titulo) values (86, false, 'Licenciatura en Educación Infantil');
insert into profesor (id_empleado, enPracticas, titulo) values (77, true, 'Maestría en Pedagogía Infantil');
insert into profesor (id_empleado, enPracticas, titulo) values (23, true, 'Licenciatura en Educación Inicial');
insert into profesor (id_empleado, enPracticas, titulo) values (68, true, 'Doctorado en Pedagogía Infantil');
insert into profesor (id_empleado, enPracticas, titulo) values (6, false, 'Título Universitario');
insert into profesor (id_empleado, enPracticas, titulo) values (30, true, 'Licenciatura en Educación Preescolar');
insert into profesor (id_empleado, enPracticas, titulo) values (35, false, 'Título Universitario');
insert into profesor (id_empleado, enPracticas, titulo) values (13, false, 'Doctorado en Educación Infantil');
insert into profesor (id_empleado, enPracticas, titulo) values (42, true, 'Maestría en Pedagogía Infantil');
insert into profesor (id_empleado, enPracticas, titulo) values (65, true, 'Licenciatura en Educación Especial con énfasis en educación infantil');
insert into profesor (id_empleado, enPracticas, titulo) values (92, true, 'Licenciatura en Educación Inicial');
insert into profesor (id_empleado, enPracticas, titulo) values (41, false, 'Título Universitario');
insert into profesor (id_empleado, enPracticas, titulo) values (84, false, 'Maestría en Educación Infantil');
insert into profesor (id_empleado, enPracticas, titulo) values (51, false, 'Doctorado en Pedagogía Infantil');
insert into profesor (id_empleado, enPracticas, titulo) values (14, true, 'Licenciatura en Educación Primaria con énfasis en educación infantil');
insert into profesor (id_empleado, enPracticas, titulo) values (90, false, 'Licenciatura en Educación Inicial');
insert into profesor (id_empleado, enPracticas, titulo) values (97, true, 'Licenciatura en Educación Primaria con énfasis en educación infantil');
insert into profesor (id_empleado, enPracticas, titulo) values (8, false, 'Título Universitario');
insert into profesor (id_empleado, enPracticas, titulo) values (94, false, 'Doctorado en Pedagogía Infantil');
insert into profesor (id_empleado, enPracticas, titulo) values (65, true, 'Doctorado en Pedagogía Infantil');
insert into profesor (id_empleado, enPracticas, titulo) values (8, false, 'Licenciatura en Educación Inicial');
insert into profesor (id_empleado, enPracticas, titulo) values (68, false, 'Licenciatura en Educación Infantil');
insert into profesor (id_empleado, enPracticas, titulo) values (98, false, 'Licenciatura en Educación Inicial');
insert into profesor (id_empleado, enPracticas, titulo) values (81, true, 'Maestría en Educación Infantil');
insert into profesor (id_empleado, enPracticas, titulo) values (13, false, 'Licenciatura en Educación Primaria con énfasis en educación infantil');
insert into profesor (id_empleado, enPracticas, titulo) values (42, true, 'Licenciatura en Pedagogía Infantil');
insert into profesor (id_empleado, enPracticas, titulo) values (21, false, 'Maestría en Pedagogía Infantil');
insert into profesor (id_empleado, enPracticas, titulo) values (65, false, 'Licenciatura en Educación Preescolar');
insert into profesor (id_empleado, enPracticas, titulo) values (38, true, 'Maestría en Educación Infantil');
insert into profesor (id_empleado, enPracticas, titulo) values (19, true, 'Licenciatura en Educación Primaria con énfasis en educación infantil');
insert into profesor (id_empleado, enPracticas, titulo) values (35, true, 'Doctorado en Pedagogía Infantil');
insert into profesor (id_empleado, enPracticas, titulo) values (1, true, 'Maestría en Educación Infantil');
insert into profesor (id_empleado, enPracticas, titulo) values (94, true, 'Licenciatura en Educación Especial con énfasis en educación infantil');
insert into profesor (id_empleado, enPracticas, titulo) values (30, false, 'Maestría en Educación Infantil');
insert into profesor (id_empleado, enPracticas, titulo) values (78, false, 'Licenciatura en Educación Primaria con énfasis en educación infantil');
insert into profesor (id_empleado, enPracticas, titulo) values (36, false, 'Licenciatura en Educación Inicial');
insert into profesor (id_empleado, enPracticas, titulo) values (16, false, 'Doctorado en Pedagogía Infantil');
insert into profesor (id_empleado, enPracticas, titulo) values (52, false, 'Licenciatura en Pedagogía Infantil');
insert into profesor (id_empleado, enPracticas, titulo) values (48, true, 'Maestría en Educación Infantil');
insert into profesor (id_empleado, enPracticas, titulo) values (74, false, 'Licenciatura en Educación Preescolar');
insert into profesor (id_empleado, enPracticas, titulo) values (46, true, 'Licenciatura en Educación Preescolar');
insert into profesor (id_empleado, enPracticas, titulo) values (78, false, 'Licenciatura en Educación Infantil');
insert into profesor (id_empleado, enPracticas, titulo) values (50, true, 'Título Universitario');
insert into profesor (id_empleado, enPracticas, titulo) values (71, false, 'Licenciatura en Educación Primaria con énfasis en educación infantil');
insert into profesor (id_empleado, enPracticas, titulo) values (86, true, 'Licenciatura en Pedagogía Infantil');
insert into profesor (id_empleado, enPracticas, titulo) values (26, true, 'Licenciatura en Educación Preescolar');
insert into profesor (id_empleado, enPracticas, titulo) values (32, true, 'Doctorado en Pedagogía Infantil');
insert into profesor (id_empleado, enPracticas, titulo) values (34, true, 'Licenciatura en Educación Primaria con énfasis en educación infantil');
insert into profesor (id_empleado, enPracticas, titulo) values (4, false, 'Licenciatura en Educación Primaria con énfasis en educación infantil');
insert into profesor (id_empleado, enPracticas, titulo) values (43, false, 'Licenciatura en Educación Primaria con énfasis en educación infantil');
insert into profesor (id_empleado, enPracticas, titulo) values (3, true, 'Licenciatura en Educación Infantil');
insert into profesor (id_empleado, enPracticas, titulo) values (84, true, 'Maestría en Educación Infantil');
insert into profesor (id_empleado, enPracticas, titulo) values (84, true, 'Licenciatura en Pedagogía Infantil');
insert into profesor (id_empleado, enPracticas, titulo) values (42, true, 'Licenciatura en Educación Inicial');
insert into profesor (id_empleado, enPracticas, titulo) values (100, true, 'Licenciatura en Educación Inicial');
insert into profesor (id_empleado, enPracticas, titulo) values (12, true, 'Título Universitario');
insert into profesor (id_empleado, enPracticas, titulo) values (16, false, 'Maestría en Pedagogía Infantil');
insert into profesor (id_empleado, enPracticas, titulo) values (31, false, 'Licenciatura en Educación Preescolar');
insert into profesor (id_empleado, enPracticas, titulo) values (36, false, 'Licenciatura en Educación Preescolar');
insert into profesor (id_empleado, enPracticas, titulo) values (37, true, 'Maestría en Educación Infantil');
insert into profesor (id_empleado, enPracticas, titulo) values (69, true, 'Maestría en Pedagogía Infantil');
insert into profesor (id_empleado, enPracticas, titulo) values (3, true, 'Doctorado en Pedagogía Infantil');
insert into profesor (id_empleado, enPracticas, titulo) values (71, true, 'Licenciatura en Educación Preescolar');
insert into profesor (id_empleado, enPracticas, titulo) values (41, true, 'Licenciatura en Educación Primaria con énfasis en educación infantil');
insert into profesor (id_empleado, enPracticas, titulo) values (94, false, 'Licenciatura en Educación Preescolar');
insert into profesor (id_empleado, enPracticas, titulo) values (20, false, 'Licenciatura en Educación Primaria con énfasis en educación infantil');
insert into profesor (id_empleado, enPracticas, titulo) values (25, false, 'Doctorado en Pedagogía Infantil');
insert into profesor (id_empleado, enPracticas, titulo) values (51, false, 'Doctorado en Educación Infantil');
insert into profesor (id_empleado, enPracticas, titulo) values (85, true, 'Licenciatura en Educación Primaria con énfasis en educación infantil');
insert into profesor (id_empleado, enPracticas, titulo) values (63, false, 'Doctorado en Educación Infantil');
insert into profesor (id_empleado, enPracticas, titulo) values (8, false, 'Licenciatura en Educación Inicial');
insert into profesor (id_empleado, enPracticas, titulo) values (25, true, 'Maestría en Educación Infantil');
insert into profesor (id_empleado, enPracticas, titulo) values (65, false, 'Licenciatura en Educación Primaria con énfasis en educación infantil');
insert into profesor (id_empleado, enPracticas, titulo) values (40, true, 'Maestría en Pedagogía Infantil');
insert into profesor (id_empleado, enPracticas, titulo) values (92, true, 'Título Universitario');
insert into profesor (id_empleado, enPracticas, titulo) values (18, true, 'Doctorado en Pedagogía Infantil');
insert into profesor (id_empleado, enPracticas, titulo) values (7, false, 'Licenciatura en Educación Infantil');
insert into profesor (id_empleado, enPracticas, titulo) values (32, true, 'Licenciatura en Educación Inicial');
insert into profesor (id_empleado, enPracticas, titulo) values (52, true, 'Título Universitario');
insert into profesor (id_empleado, enPracticas, titulo) values (92, false, 'Licenciatura en Educación Inicial');
insert into profesor (id_empleado, enPracticas, titulo) values (91, false, 'Licenciatura en Educación Primaria con énfasis en educación infantil');
insert into profesor (id_empleado, enPracticas, titulo) values (12, false, 'Licenciatura en Educación Preescolar');
insert into profesor (id_empleado, enPracticas, titulo) values (8, false, 'Maestría en Educación Infantil');
insert into profesor (id_empleado, enPracticas, titulo) values (38, true, 'Licenciatura en Educación Infantil');
insert into profesor (id_empleado, enPracticas, titulo) values (38, true, 'Título Universitario');
insert into profesor (id_empleado, enPracticas, titulo) values (98, false, 'Título Universitario');
insert into profesor (id_empleado, enPracticas, titulo) values (49, false, 'Licenciatura en Educación Preescolar');
insert into profesor (id_empleado, enPracticas, titulo) values (86, false, 'Doctorado en Pedagogía Infantil');
insert into profesor (id_empleado, enPracticas, titulo) values (97, false, 'Licenciatura en Educación Preescolar');
insert into profesor (id_empleado, enPracticas, titulo) values (84, false, 'Licenciatura en Educación Infantil');
insert into profesor (id_empleado, enPracticas, titulo) values (61, false, 'Licenciatura en Pedagogía Infantil');
insert into profesor (id_empleado, enPracticas, titulo) values (73, false, 'Título Universitario');
insert into profesor (id_empleado, enPracticas, titulo) values (15, false, 'Licenciatura en Educación Preescolar');
insert into profesor (id_empleado, enPracticas, titulo) values (45, false, 'Licenciatura en Pedagogía Infantil');
insert into profesor (id_empleado, enPracticas, titulo) values (95, true, 'Licenciatura en Educación Inicial');
insert into profesor (id_empleado, enPracticas, titulo) values (76, false, 'Licenciatura en Pedagogía Infantil');
insert into profesor (id_empleado, enPracticas, titulo) values (61, false, 'Maestría en Educación Infantil');
insert into profesor (id_empleado, enPracticas, titulo) values (53, false, 'Licenciatura en Educación Inicial');
insert into profesor (id_empleado, enPracticas, titulo) values (78, false, 'Licenciatura en Educación Inicial');

insert into directora (id_empleado, plusSueldo,horarioConsulta ) values (74,'€2320,29' ,'9:00-12:00');
