insert into Menu (id , platoPrincipal, segundoPlato) values (1, 'Puré de papaya', 'Puré de coliflor y patata');
insert into Menu (id , platoPrincipal, segundoPlato) values (2, 'Puré de habas y zanahoria', 'Puré de garbanzos y espinacas');
insert into Menu (id , platoPrincipal, segundoPlato) values (3, 'Puré de coliflor', 'Puré de alcachofas');
insert into Menu (id , platoPrincipal, segundoPlato) values (4, 'Puré de pollo y patata', 'Puré de champiñones y pollo');
insert into Menu (id , platoPrincipal, segundoPlato) values (5, 'Puré de papaya', 'Puré de gambas y espinacas');
insert into Menu (id , platoPrincipal, segundoPlato) values (6, 'Puré de mandarina', 'Puré de salmón y brócoli');
insert into Menu (id , platoPrincipal, segundoPlato) values (7, 'Puré de habas y patata', 'Puré de gambas');
insert into Menu (id , platoPrincipal, segundoPlato) values (8, 'Puré de pera y melocotón', 'Puré de zanahoria');
insert into Menu (id , platoPrincipal, segundoPlato) values (9, 'Puré de pomelo', 'Puré de bacalao');
insert into Menu (id , platoPrincipal, segundoPlato) values (10, 'Puré de gambas y espinacas', 'Puré de champiñones');
insert into Menu (id , platoPrincipal, segundoPlato) values (11, 'Puré de champiñones y pollo', 'Puré de guisantes');
insert into Menu (id , platoPrincipal, segundoPlato) values (12, 'Puré de habas y zanahoria', 'Puré de papaya');
insert into Menu (id , platoPrincipal, segundoPlato) values (13, 'Puré de ternera y zanahoria', 'Puré de naranja');
insert into Menu (id , platoPrincipal, segundoPlato) values (14, 'Puré de pollo', 'Puré de ternera');
insert into Menu (id , platoPrincipal, segundoPlato) values (15, 'Puré de guisantes', 'Puré de fresas y plátano');
insert into Menu (id , platoPrincipal, segundoPlato) values (16, 'Puré de champiñones y patata', 'Puré de piña');
insert into Menu (id , platoPrincipal, segundoPlato) values (17, 'Puré de tomate y arroz', 'Puré de ternera y patatas');
insert into Menu (id , platoPrincipal, segundoPlato) values (18, 'Puré de gambas', 'Puré de ternera');
insert into Menu (id , platoPrincipal, segundoPlato) values (19, 'Puré de manzana y melocotón', 'Puré de manzana y melocotón');
insert into Menu (id , platoPrincipal, segundoPlato) values (20, 'Puré de naranja', 'Puré de champiñones y pollo');
insert into Menu (id , platoPrincipal, segundoPlato) values (21, 'Puré de fresas y plátano', 'Puré de champiñones');
insert into Menu (id , platoPrincipal, segundoPlato) values (22, 'Puré de piña', 'Puré de pera y melocotón');
insert into Menu (id , platoPrincipal, segundoPlato) values (23, 'Puré de manzana', 'Puré de habas y zanahoria');
insert into Menu (id , platoPrincipal, segundoPlato) values (24, 'Puré de habas y zanahoria', 'Puré de garbanzos y espinacas');
insert into Menu (id , platoPrincipal, segundoPlato) values (25, 'Puré de lentejas y arroz', 'Puré de salmón y arroz');
insert into Menu (id , platoPrincipal, segundoPlato) values (26, 'Puré de espinacas', 'Puré de coliflor');
insert into Menu (id , platoPrincipal, segundoPlato) values (27, 'Puré de habas', 'Puré de garbanzos');
insert into Menu (id , platoPrincipal, segundoPlato) values (28, 'Puré de bacalao', 'Puré de ternera y patatas');
insert into Menu (id , platoPrincipal, segundoPlato) values (29, 'Puré de ternera y zanahoria', 'Puré de fresas y plátano');
insert into Menu (id , platoPrincipal, segundoPlato) values (30, 'Puré de pollo', 'Puré de lentejas y zanahoria');
/*Empleados Antiguos y Recientes*/

insert into Empleado (nombre, apellidos, dni, sueldo, mail, fecha_contratacion, fecha_despido) values ('ISNARDO', 'Guerrero', '10941240Q', '1662.86', 'Guerrero06@gmail.com', '28/03/2017', 'en nomina');
insert into Empleado (nombre, apellidos, dni, sueldo, mail, fecha_contratacion, fecha_despido) values ('JUAN ABEL', 'Sáez', '85233820E', '1583.45', 'Sáez65@gmail.com', '25/06/2020', 'en nomina');
insert into Empleado (nombre, apellidos, dni, sueldo, mail, fecha_contratacion, fecha_despido) values ('RICARDO ISRAEL', 'González', '79439816P', '1626.58', 'González11@gmail.com', '02/12/2016', 'en nomina');
insert into Empleado (nombre, apellidos, dni, sueldo, mail, fecha_contratacion, fecha_despido) values ('JESUS MANUE', 'Álvarez', '69324072N', '1706.06', 'Álvarez74@gmail.com', '06/10/2017', 'en nomina');
insert into Empleado (nombre, apellidos, dni, sueldo, mail, fecha_contratacion, fecha_despido) values ('GILBERTO JOSE', 'Muñoz', '09763483Y', '1385.95', 'Muñoz51@gmail.com', '07/08/2020', 'en nomina');
insert into Empleado (nombre, apellidos, dni, sueldo, mail, fecha_contratacion, fecha_despido) values ('DAVID ELIAS', 'Lugo', '45530060U', '1449.95', 'Lugo78@gmail.com', '10/01/2020', 'en nomina');
insert into Empleado (nombre, apellidos, dni, sueldo, mail, fecha_contratacion, fecha_despido) values ('GERARDO IVAN', 'Esquivel', '87885389V', '1438.44', 'Esquivel39@gmail.com', '23/03/2017', 'en nomina');
insert into Empleado (nombre, apellidos, dni, sueldo, mail, fecha_contratacion, fecha_despido) values ('ERICK ARTURO', 'Calvo', '00429656S', '1594.07', 'Calvo86@gmail.com', '15/04/2016', 'en nomina');
insert into Empleado (nombre, apellidos, dni, sueldo, mail, fecha_contratacion, fecha_despido) values ('ALDO DANIEL', 'García', '22312178U', '1336.71', 'García79@gmail.com', '23/03/2021', 'en nomina');
insert into Empleado (nombre, apellidos, dni, sueldo, mail, fecha_contratacion, fecha_despido) values ('HUGO ROGELIO', 'Navarro', '17885570Y', '1397.11', 'Navarro39@gmail.com', '13/08/2016', 'en nomina');
insert into Empleado (nombre, apellidos, dni, sueldo, mail, fecha_contratacion, fecha_despido) values ('JOSE ARTEMIO', 'González', '94531685Q', '1278.52', 'González83@gmail.com', '08/12/2018', 'en nomina');
insert into Empleado (nombre, apellidos, dni, sueldo, mail, fecha_contratacion, fecha_despido) values ('URIEL ALEJANDRO', 'Gallego', '47073575U', '1594.36', 'Gallego37@gmail.com', '18/10/2016', 'en nomina');
insert into Empleado (nombre, apellidos, dni, sueldo, mail, fecha_contratacion, fecha_despido) values ('VICTOR DE JESUS', 'Navarro', '88890354U', '1316.81', 'Navarro27@gmail.com', '14/04/2018', 'en nomina');
insert into Empleado (nombre, apellidos, dni, sueldo, mail, fecha_contratacion, fecha_despido) values ('CARLOS ALEXIS', 'Oliver', '63714271G', '1275.75', 'Oliver67@gmail.com', '07/06/2016', '04/12/2018');
insert into Empleado (nombre, apellidos, dni, sueldo, mail, fecha_contratacion, fecha_despido) values ('JUAN SAMUEL', 'Castillo', '40044284I', '1369.52', 'Castillo82@gmail.com', '16/11/2017', '11/12/2018');
insert into Empleado (nombre, apellidos, dni, sueldo, mail, fecha_contratacion, fecha_despido) values ('ALEJANDRO FRANCISCO', 'Castro', '19111834J', '1602.87', 'Castro44@gmail.com', '03/12/2017', '04/11/2020');
insert into Empleado (nombre, apellidos, dni, sueldo, mail, fecha_contratacion, fecha_despido) values ('QUINTIN', 'Pérez', '11732590R', '1793.51', 'Pérez63@gmail.com', '18/01/2019', '07/07/2020');
insert into Empleado (nombre, apellidos, dni, sueldo, mail, fecha_contratacion, fecha_despido) values ('REYNALDO', 'González', '12937437Y', '1790.47', 'González88@gmail.com', '27/02/2020', '05/09/2022');
insert into Empleado (nombre, apellidos, dni, sueldo, mail, fecha_contratacion, fecha_despido) values ('NELSON', 'Cortés', '02321411C', '1423.82', 'Cortés25@gmail.com', '14/06/2020', '08/09/2019');
insert into Empleado (nombre, apellidos, dni, sueldo, mail, fecha_contratacion, fecha_despido) values ('NOLBERTO', 'Mora', '22005385U', '1710.87', 'Mora01@gmail.com', '08/08/2021', '06/03/2022');
insert into Empleado (nombre, apellidos, dni, sueldo, mail, fecha_contratacion, fecha_despido) values ('OSCAR EDGARDO', 'Sánchez', '77860283X', '1380.84', 'Sánchez06@gmail.com', '03/06/2019', '24/12/2022');
insert into Empleado (nombre, apellidos, dni, sueldo, mail, fecha_contratacion, fecha_despido) values ('J. NATIVIDAD', 'Pineda', '86523812M', '1354.33', 'Pineda18@gmail.com', '30/10/2018', '11/11/2019');
insert into Empleado (nombre, apellidos, dni, sueldo, mail, fecha_contratacion, fecha_despido) values ('JOSE GUADALUPE', 'Valencia', '76502349W', '1653.63', 'Valencia94@gmail.com', '04/01/2017', '05/04/2021');
insert into Empleado (nombre, apellidos, dni, sueldo, mail, fecha_contratacion, fecha_despido) values ('DONALDO', 'Márquez', '80758823Y', '1327.76', 'Márquez81@gmail.com', '17/08/2017', '01/03/2022');
insert into Empleado (nombre, apellidos, dni, sueldo, mail, fecha_contratacion, fecha_despido) values ('CHRISTIAN MANUEL', 'Ramos', '53151874X', '1588.27', 'Ramos28@gmail.com', '30/08/2016', '01/01/2017');
insert into Empleado (nombre, apellidos, dni, sueldo, mail, fecha_contratacion, fecha_despido) values ('JOSE CUTBERTO', 'García', '12069075Y', '1348.91', 'García79@gmail.com', '27/05/2016', '02/08/2018');
insert into Empleado (nombre, apellidos, dni, sueldo, mail, fecha_contratacion, fecha_despido) values ('ALBERTO RENE', 'Soria', '52299435B', '1799.52', 'Soria86@gmail.com', '24/11/2018', '30/05/2019');
insert into Empleado (nombre, apellidos, dni, sueldo, mail, fecha_contratacion, fecha_despido) values ('ALFREDO ARTURO', 'Soria', '17760488C', '1502.90', 'Soria74@gmail.com', '20/08/2018', '20/05/2019');
insert into Empleado (nombre, apellidos, dni, sueldo, mail, fecha_contratacion, fecha_despido) values ('JUAN EUGENIO', 'Ramos', '15315556M', '1376.65', 'Ramos20@gmail.com', '24/03/2020', '06/11/2021');
insert into Empleado (nombre, apellidos, dni, sueldo, mail, fecha_contratacion, fecha_despido) values ('EDGAR ALBERTO', 'Cortés', '74039906A', '1226.47', 'Cortés29@gmail.com', '09/12/2018', '14/08/2019');
insert into Empleado (nombre, apellidos, dni, sueldo, mail, fecha_contratacion, fecha_despido) values ('SANTIAGO', 'Ríos', '67366033U', '1727.49', 'Ríos26@gmail.com', '08/04/2020', '17/12/2021');
insert into Empleado (nombre, apellidos, dni, sueldo, mail, fecha_contratacion, fecha_despido) values ('ADULFO', 'Santamaría', '38613423H', '1526.27', 'Santamaría39@gmail.com', '19/01/2017', '17/05/2018');
insert into Empleado (nombre, apellidos, dni, sueldo, mail, fecha_contratacion, fecha_despido) values ('BELARMINO', 'Esquivel', '54191270B', '1356.07', 'Esquivel09@gmail.com', '14/12/2016', '04/03/2019');
insert into Empleado (nombre, apellidos, dni, sueldo, mail, fecha_contratacion, fecha_despido) values ('J ELEAZAR', 'Ruiz', '83991591Z', '1763.90', 'Ruiz60@gmail.com', '10/03/2019', '12/03/2020');
insert into Empleado (nombre, apellidos, dni, sueldo, mail, fecha_contratacion, fecha_despido) values ('JUAN VICTOR', 'Domínguez', '89111611G', '1244.25', 'Domínguez83@gmail.com', '05/09/2019', '30/06/2021');
insert into Empleado (nombre, apellidos, dni, sueldo, mail, fecha_contratacion, fecha_despido) values ('HECTOR JESUS', 'Calvo', '10377403P', '1286.85', 'Calvo56@gmail.com', '26/09/2016', '23/05/2017');
insert into Empleado (nombre, apellidos, dni, sueldo, mail, fecha_contratacion, fecha_despido) values ('CESAR ALFONSO', 'Serrano', '82802311J', '1615.29', 'Serrano48@gmail.com', '25/06/2022', '27/07/2021');
insert into Empleado (nombre, apellidos, dni, sueldo, mail, fecha_contratacion, fecha_despido) values ('VICENTE RAFAEL', 'Castro', '64735685M', '1475.78', 'Castro93@gmail.com', '23/12/2020', '11/09/2023');
insert into Empleado (nombre, apellidos, dni, sueldo, mail, fecha_contratacion, fecha_despido) values ('LUIS FERNA', 'Benítez', '13481368E', '1222.35', 'Benítez42@gmail.com', '19/08/2017', '26/05/2020');
insert into Empleado (nombre, apellidos, dni, sueldo, mail, fecha_contratacion, fecha_despido) values ('AGRIPINO', 'Delgado', '84964057M', '1240.27', 'Delgado75@gmail.com', '29/09/2017', '18/12/2022');
insert into Empleado (nombre, apellidos, dni, sueldo, mail, fecha_contratacion, fecha_despido) values ('MARTHA', 'Estévez', '18732476Q', '1272.47', 'Estévez56@gmail.com', '22/09/2022', '02/07/2023');
insert into Empleado (nombre, apellidos, dni, sueldo, mail, fecha_contratacion, fecha_despido) values ('OSCAR ARMANDO', 'Ramírez', '99460652N', '1299.12', 'Ramírez74@gmail.com', '20/05/2017', '09/04/2022');
insert into Empleado (nombre, apellidos, dni, sueldo, mail, fecha_contratacion, fecha_despido) values ('TEOFILO', 'Delgado', '08656312G', '1373.14', 'Delgado83@gmail.com', '17/07/2016', '26/02/2020');
insert into Empleado (nombre, apellidos, dni, sueldo, mail, fecha_contratacion, fecha_despido) values ('JOSE', 'Fuentes', '83259273J', '1422.90', 'Fuentes83@gmail.com', '31/03/2016', '11/03/2020');
insert into Empleado (nombre, apellidos, dni, sueldo, mail, fecha_contratacion, fecha_despido) values ('JESUS AARON', 'Gallego', '42315185A', '1532.13', 'Gallego61@gmail.com', '15/01/2019', '28/03/2020');
insert into Empleado (nombre, apellidos, dni, sueldo, mail, fecha_contratacion, fecha_despido) values ('MILTON CARLOS', 'Pérez', '18866213L', '1404.63', 'Pérez09@gmail.com', '11/05/2021', '29/05/2023');
insert into Empleado (nombre, apellidos, dni, sueldo, mail, fecha_contratacion, fecha_despido) values ('JOSE ELMER', 'Montes', '98540192Y', '1570.69', 'Montes21@gmail.com', '11/02/2016', '15/10/2017');
insert into Empleado (nombre, apellidos, dni, sueldo, mail, fecha_contratacion, fecha_despido) values ('DANIEL RUBEN', 'Soler', '19333655M', '1441.22', 'Soler98@gmail.com', '16/07/2016', '22/12/2016');
insert into Empleado (nombre, apellidos, dni, sueldo, mail, fecha_contratacion, fecha_despido) values ('HUGO ADRIAN', 'Luna', '50957680T', '1472.92', 'Luna72@gmail.com', '08/02/2020', '16/07/2021');
insert into Empleado (nombre, apellidos, dni, sueldo, mail, fecha_contratacion, fecha_despido) values ('GERARDO ANTONIO', 'Ramírez', '80224150T', '1779.07', 'Ramírez49@gmail.com', '20/02/2016', '04/09/2017');
insert into Empleado (nombre, apellidos, dni, sueldo, mail, fecha_contratacion, fecha_despido) values ('CARLOS ERNESTO', 'Soria', '93845570F', '1466.25', 'Soria88@gmail.com', '24/12/2019', '07/03/2022');
insert into Empleado (nombre, apellidos, dni, sueldo, mail, fecha_contratacion, fecha_despido) values ('MARTIN CARLOS', 'Luna', '74080569P', '1483.61', 'Luna09@gmail.com', '06/11/2019', '22/09/2020');
insert into Empleado (nombre, apellidos, dni, sueldo, mail, fecha_contratacion, fecha_despido) values ('OMAR EDUARDO', 'Castillo', '44123195C', '1355.22', 'Castillo60@gmail.com', '13/03/2019', '29/08/2022');
insert into Empleado (nombre, apellidos, dni, sueldo, mail, fecha_contratacion, fecha_despido) values ('PABLO HUMBERTO', 'Flores', '17101484D', '1316.95', 'Flores43@gmail.com', '17/04/2021', '05/08/2022');
insert into Empleado (nombre, apellidos, dni, sueldo, mail, fecha_contratacion, fecha_despido) values ('JORGE URIEL', 'Martínez', '82945950J', '1514.16', 'Martínez67@gmail.com', '14/09/2018', '13/11/2019');
insert into Empleado (nombre, apellidos, dni, sueldo, mail, fecha_contratacion, fecha_despido) values ('ROGELIO IVAN', 'Montoya', '17242358S', '1590.44', 'Montoya32@gmail.com', '30/03/2022', '06/02/2023');
insert into Empleado (nombre, apellidos, dni, sueldo, mail, fecha_contratacion, fecha_despido) values ('ADRIEL', 'Solís', '66259686E', '1417.30', 'Solís57@gmail.com', '29/01/2017', '21/03/2018');
insert into Empleado (nombre, apellidos, dni, sueldo, mail, fecha_contratacion, fecha_despido) values ('JORGE A', 'Medina', '37971561W', '1593.73', 'Medina36@gmail.com', '29/12/2016', '27/11/2017');
insert into Empleado (nombre, apellidos, dni, sueldo, mail, fecha_contratacion, fecha_despido) values ('JESUS PEDRO', 'Medina', '08786195Y', '1530.24', 'Medina29@gmail.com', '15/04/2021', '01/01/2022');
insert into Empleado (nombre, apellidos, dni, sueldo, mail, fecha_contratacion, fecha_despido) values ('HECTOR OMAR', 'Cabrera', '13754416X', '1628.26', 'Cabrera39@gmail.com', '09/01/2020', '27/03/2021');
insert into Empleado (nombre, apellidos, dni, sueldo, mail, fecha_contratacion, fecha_despido) values ('DIEGO IVAN', 'Ruiz', '65029237M', '1218.81', 'Ruiz95@gmail.com', '28/06/2016', '03/09/2017');
insert into Empleado (nombre, apellidos, dni, sueldo, mail, fecha_contratacion, fecha_despido) values ('JESUS FERNANDO', 'Gutiérrez', '31352247A', '1284.95', 'Gutiérrez76@gmail.com', '11/02/2016', '29/06/2018');
insert into Empleado (nombre, apellidos, dni, sueldo, mail, fecha_contratacion, fecha_despido) values ('JUAN JOSE GUADALUPE', 'Peralta', '30562358U', '1258.57', 'Peralta83@gmail.com', '14/12/2016', '22/06/2018');
insert into Empleado (nombre, apellidos, dni, sueldo, mail, fecha_contratacion, fecha_despido) values ('DARINEL', 'Sánchez', '13734685B', '1536.12', 'Sánchez82@gmail.com', '24/10/2016', '14/02/2023');
insert into Empleado (nombre, apellidos, dni, sueldo, mail, fecha_contratacion, fecha_despido) values ('JOSE EFREN', 'Peralta', '47488525X', '1268.14', 'Peralta89@gmail.com', '12/10/2016', '01/04/2019');
insert into Empleado (nombre, apellidos, dni, sueldo, mail, fecha_contratacion, fecha_despido) values ('NORBERTO', 'García', '39475472P', '1524.69', 'García32@gmail.com', '28/09/2018', '12/05/2023');
insert into Empleado (nombre, apellidos, dni, sueldo, mail, fecha_contratacion, fecha_despido) values ('PATRICIA', 'Soto', '19603595F', '1591.57', 'Soto74@gmail.com', '24/08/2019', '27/11/2022');
insert into Empleado (nombre, apellidos, dni, sueldo, mail, fecha_contratacion, fecha_despido) values ('JESUS MANU', 'Morales', '35156464M', '1695.51', 'Morales96@gmail.com', '19/02/2016', '28/05/2023');
insert into Empleado (nombre, apellidos, dni, sueldo, mail, fecha_contratacion, fecha_despido) values ('ROLANDO', 'Vargas', '16385673A', '1685.13', 'Vargas93@gmail.com', '26/02/2017', '23/02/2019');
insert into Empleado (nombre, apellidos, dni, sueldo, mail, fecha_contratacion, fecha_despido) values ('FRANCISCO DANIEL', 'García', '84478866G', '1650.43', 'García28@gmail.com', '19/12/2016', '23/07/2018');
insert into Empleado (nombre, apellidos, dni, sueldo, mail, fecha_contratacion, fecha_despido) values ('ALI', 'García', '29247320C', '1549.42', 'García62@gmail.com', '18/06/2021', '29/06/2023');
insert into Empleado (nombre, apellidos, dni, sueldo, mail, fecha_contratacion, fecha_despido) values ('MAURILIO', 'Torres', '81505380O', '1663.20', 'Torres76@gmail.com', '28/02/2016', '04/01/2019');
insert into Empleado (nombre, apellidos, dni, sueldo, mail, fecha_contratacion, fecha_despido) values ('VICTOR JOEL', 'Ramírez', '06315652P', '1372.37', 'Ramírez03@gmail.com', '11/10/2017', '14/06/2020');
insert into Empleado (nombre, apellidos, dni, sueldo, mail, fecha_contratacion, fecha_despido) values ('ELVIRO', 'Cabrera', '04154124C', '1646.68', 'Cabrera54@gmail.com', '25/01/2017', '02/05/2021');
insert into Empleado (nombre, apellidos, dni, sueldo, mail, fecha_contratacion, fecha_despido) values ('FCO', 'Ramos', '30679825A', '1386.69', 'Ramos00@gmail.com', '15/05/2018', '12/11/2019');
insert into Empleado (nombre, apellidos, dni, sueldo, mail, fecha_contratacion, fecha_despido) values ('ANTERO', 'Lugo', '67565622I', '1274.29', 'Lugo57@gmail.com', '16/06/2016', '16/09/2018');
insert into Empleado (nombre, apellidos, dni, sueldo, mail, fecha_contratacion, fecha_despido) values ('GUILLERMO ALFONSO', 'Álvarez', '84375626S', '1408.09', 'Álvarez63@gmail.com', '24/01/2021', '04/09/2022');
insert into Empleado (nombre, apellidos, dni, sueldo, mail, fecha_contratacion, fecha_despido) values ('CASTO', 'Soto', '56824660K', '1408.68', 'Soto60@gmail.com', '26/01/2022', '20/04/2023');
insert into Empleado (nombre, apellidos, dni, sueldo, mail, fecha_contratacion, fecha_despido) values ('SILVIA', 'León', '54455886N', '1251.11', 'León93@gmail.com', '27/06/2020', '19/05/2021');
insert into Empleado (nombre, apellidos, dni, sueldo, mail, fecha_contratacion, fecha_despido) values ('SEVERINO', 'Mora', '56169938T', '1634.05', 'Mora65@gmail.com', '03/02/2016', '11/01/2018');
insert into Empleado (nombre, apellidos, dni, sueldo, mail, fecha_contratacion, fecha_despido) values ('ANGEL RICARDO', 'Cervantes', '03522362Q', '1295.03', 'Cervantes55@gmail.com', '06/01/2016', '10/06/2017');
insert into Empleado (nombre, apellidos, dni, sueldo, mail, fecha_contratacion, fecha_despido) values ('HUGO JOSE', 'López', '55541887C', '1777.85', 'López11@gmail.com', '07/09/2021', '31/10/2022');
insert into Empleado (nombre, apellidos, dni, sueldo, mail, fecha_contratacion, fecha_despido) values ('PAULO SERGIO', 'Ramos', '50412536S', '1435.18', 'Ramos39@gmail.com', '27/02/2020', '02/07/2022');
insert into Empleado (nombre, apellidos, dni, sueldo, mail, fecha_contratacion, fecha_despido) values ('BENJAMIN ALEJANDRO', 'Ortiz', '42024817C', '1700.24', 'Ortiz29@gmail.com', '01/02/2019', '25/03/2022');
insert into Empleado (nombre, apellidos, dni, sueldo, mail, fecha_contratacion, fecha_despido) values ('MAURO MARTIN', 'Mora', '30605263P', '1230.16', 'Mora94@gmail.com', '16/11/2018', '14/01/2019');
insert into Empleado (nombre, apellidos, dni, sueldo, mail, fecha_contratacion, fecha_despido) values ('CARLOS SAUL', 'García', '96604439U', '1462.41', 'García90@gmail.com', '27/09/2022', '11/02/2023');
insert into Empleado (nombre, apellidos, dni, sueldo, mail, fecha_contratacion, fecha_despido) values ('MICHAEL', 'Mendoza', '25456901S', '1308.01', 'Mendoza56@gmail.com', '29/08/2017', '12/07/2021');
insert into Empleado (nombre, apellidos, dni, sueldo, mail, fecha_contratacion, fecha_despido) values ('YSIDRO', 'Soler', '29630194R', '1256.56', 'Soler98@gmail.com', '10/04/2021', '21/03/2022');
insert into Empleado (nombre, apellidos, dni, sueldo, mail, fecha_contratacion, fecha_despido) values ('ROBERTO JOSE', 'Soria', '22095511K', '1678.47', 'Soria56@gmail.com', '13/09/2021', '20/01/2022');
insert into Empleado (nombre, apellidos, dni, sueldo, mail, fecha_contratacion, fecha_despido) values ('WBALDO', 'Navarro', '69229913E', '1638.04', 'Navarro80@gmail.com', '23/01/2016', '08/08/2018');
insert into Empleado (nombre, apellidos, dni, sueldo, mail, fecha_contratacion, fecha_despido) values ('RAUL ALFONSO', 'López', '84293415C', '1309.22', 'López48@gmail.com', '13/04/2021', '12/03/2022');
insert into Empleado (nombre, apellidos, dni, sueldo, mail, fecha_contratacion, fecha_despido) values ('ROBERTO DANIEL', 'Domínguez', '72889475G', '1276.11', 'Domínguez80@gmail.com', '26/12/2016', '14/10/2019');
insert into Empleado (nombre, apellidos, dni, sueldo, mail, fecha_contratacion, fecha_despido) values ('OSCAR SAMUEL', 'Estévez', '82627347D', '1209.10', 'Estévez64@gmail.com', '18/04/2016', '25/02/2022');
insert into Empleado (nombre, apellidos, dni, sueldo, mail, fecha_contratacion, fecha_despido) values ('JAIME ALFONSO', 'Blanco', '59287383T', '1652.07', 'Blanco62@gmail.com', '12/12/2021', '21/08/2022');
insert into Empleado (nombre, apellidos, dni, sueldo, mail, fecha_contratacion, fecha_despido) values ('NABOR', 'González', '83449466S', '1608.81', 'González77@gmail.com', '08/03/2016', '10/03/2016');
insert into Empleado (nombre, apellidos, dni, sueldo, mail, fecha_contratacion, fecha_despido) values ('RUBEN ALBERTO', 'Osorio', '61624568I', '1629.75', 'Osorio87@gmail.com', '12/01/2016', '13/03/2016');
insert into Empleado (nombre, apellidos, dni, sueldo, mail, fecha_contratacion, fecha_despido) values ('FELIPE ANTONIO', 'Ramos', '26647767H', '1655.16', 'Ramos54@gmail.com', '29/03/2021', '17/11/2012');
insert into Empleado (nombre, apellidos, dni, sueldo, mail, fecha_contratacion, fecha_despido) values ('AMAURI', 'Romero', '07760716I', '1788.06', 'Romero09@gmail.com', '07/09/2022', '11/04/2023');
insert into Empleado (nombre, apellidos, dni, sueldo, mail, fecha_contratacion, fecha_despido) values ('FELIPE ANGEL', 'Romero', '34558345K', '1236.12', 'Romero68@gmail.com', '02/03/2016', '15/10/2018');
insert into Empleado (nombre, apellidos, dni, sueldo, mail, fecha_contratacion, fecha_despido) values ('ARNALDO', 'López', '57238027K', '1773.38', 'López74@gmail.com', '28/08/2021', '08/10/2012');
--Los semestres se organizan por fechas actuales,a los tres meses se cambia el semestre es decir 30/03/2023
insert into Clase (num_clase, semestre) values (1, '30/03/2023');
insert into Clase (num_clase, semestre) values (2, '30/03/2023');
insert into Clase (num_clase, semestre) values (3, '30/03/2023');
insert into Clase (num_clase, semestre) values (4, '30/03/2023');
insert into Clase (num_clase, semestre) values (5, '30/03/2023');
insert into Clase (num_clase, semestre) values (6, '30/03/2023');
insert into Clase (num_clase, semestre) values (7, '30/03/2023');
insert into Clase (num_clase, semestre) values (8, '30/03/2023');
insert into Clase (num_clase, semestre) values (9, '30/03/2023');
insert into Clase (num_clase, semestre) values (10,'30/03/2023');



insert into Alumno (num_Clase, cuota, id_dieta, nombre, apellido1, apellido2, alergias) values (8, 800, 1, 'Pablo', 'Castilla', 'Serrano', 'Alergia al perfume');
insert into Alumno (num_Clase, cuota, id_dieta, nombre, apellido1, apellido2, alergias) values (1, 350, 2, 'Manuel', 'Cabrera', 'Peralta', 'Alergia al látex');
insert into Alumno (num_Clase, cuota, id_dieta, nombre, apellido1, apellido2, alergias) values (8, 800, 3, 'Guillermo', 'Escobar', 'Torres', 'Alergia al sol');
insert into Alumno (num_Clase, cuota, id_dieta, nombre, apellido1, apellido2, alergias) values (9, 900, 4, 'David', 'Pineda', 'Fernández', 'Sin alergias');
insert into Alumno (num_Clase, cuota, id_dieta, nombre, apellido1, apellido2, alergias) values (4, 350, 5, 'Jorge', 'Peralta', 'Ruiz', 'Alergia al moho');
insert into Alumno (num_Clase, cuota, id_dieta, nombre, apellido1, apellido2, alergias) values (1, 900, 6, 'Arturo', 'Ávila', 'Pineda', 'Alergia al sol');
insert into Alumno (num_Clase, cuota, id_dieta, nombre, apellido1, apellido2, alergias) values (10, 800, 7, 'Francisco', 'Fuentes', 'Carrasco', 'Alergia al humo');
insert into Alumno (num_Clase, cuota, id_dieta, nombre, apellido1, apellido2, alergias) values (3, 800, 8, 'Alejandro', 'Molina', 'Aguilar', 'Alergia al látex');
insert into Alumno (num_Clase, cuota, id_dieta, nombre, apellido1, apellido2, alergias) values (1, 900, 9, 'Ramón', 'Cervantes', 'Osorio', 'Alergia a los alimentos concretos');
insert into Alumno (num_Clase, cuota, id_dieta, nombre, apellido1, apellido2, alergias) values (10, 900, 10, 'Bruno', 'Carrasco', 'Calvo', 'Alergia al látex');
insert into Alumno (num_Clase, cuota, id_dieta, nombre, apellido1, apellido2, alergias) values (6, 350, 11, 'Guillermo', 'Aguado', 'Ríos', 'Alergia al calor');
insert into Alumno (num_Clase, cuota, id_dieta, nombre, apellido1, apellido2, alergias) values (3, 800, 12, 'Jorge', 'Castilla', 'Gómez', 'Alergia a los alimentos concretos');
insert into Alumno (num_Clase, cuota, id_dieta, nombre, apellido1, apellido2, alergias) values (6, 350, 13, 'Alejandro', 'Rivas', 'Gallego', 'Alergia al polvo');
insert into Alumno (num_Clase, cuota, id_dieta, nombre, apellido1, apellido2, alergias) values (9, 900, 14, 'José', 'Vargas', 'Oliver', 'Alergia al agua');
insert into Alumno (num_Clase, cuota, id_dieta, nombre, apellido1, apellido2, alergias) values (1, 350, 15, 'Miguel', 'Molina', 'Ortiz', 'Alergia a los árboles');
insert into Alumno (num_Clase, cuota, id_dieta, nombre, apellido1, apellido2, alergias) values (3, 900, 16, 'Antonio', 'Cortés', 'Cabrera', 'Sin alergias');
insert into Alumno (num_Clase, cuota, id_dieta, nombre, apellido1, apellido2, alergias) values (6, 900, 17, 'Rubén', 'Escobar', 'Estévez', 'Alergia a los productos químicos');
insert into Alumno (num_Clase, cuota, id_dieta, nombre, apellido1, apellido2, alergias) values (8, 800, 18, 'Diego', 'Cabrera', 'Martínez', 'Alergia al polen');
insert into Alumno (num_Clase, cuota, id_dieta, nombre, apellido1, apellido2, alergias) values (6, 350, 19, 'Bruno', 'Benítez', 'Benítez', 'Alergia al calor');
insert into Alumno (num_Clase, cuota, id_dieta, nombre, apellido1, apellido2, alergias) values (1, 900, 20, 'Gonzalo', 'Fuentes', 'Benítez', 'Sin alergias');
insert into Alumno (num_Clase, cuota, id_dieta, nombre, apellido1, apellido2, alergias) values (9, 350, 21, 'Álvaro', 'Núñez', 'Gómez', 'Alergia a los medicamentos');
insert into Alumno (num_Clase, cuota, id_dieta, nombre, apellido1, apellido2, alergias) values (2, 350, 22, 'Enrique', 'León', 'Medina', 'Alergia a los árboles');
insert into Alumno (num_Clase, cuota, id_dieta, nombre, apellido1, apellido2, alergias) values (6, 900, 23, 'Héctor', 'Moreno', 'Molina', 'Alergia al humo');
insert into Alumno (num_Clase, cuota, id_dieta, nombre, apellido1, apellido2, alergias) values (7, 800, 24, 'Ramón', 'Martínez', 'García', 'Alergia a los insectos');
insert into Alumno (num_Clase, cuota, id_dieta, nombre, apellido1, apellido2, alergias) values (10, 900, 25, 'Eduardo', 'Suárez', 'López', 'Alergia al perfume');
insert into Alumno (num_Clase, cuota, id_dieta, nombre, apellido1, apellido2, alergias) values (8, 900, 26, 'Ismael', 'Esquivel', 'Flores', 'Alergia al maquillaje');
insert into Alumno (num_Clase, cuota, id_dieta, nombre, apellido1, apellido2, alergias) values (10, 350, 27, 'Bruno', 'Cárdenas', 'Castilla', 'Alergia al perfume');
insert into Alumno (num_Clase, cuota, id_dieta, nombre, apellido1, apellido2, alergias) values (4, 800, 28, 'Victor', 'Domínguez', 'Castro', 'Alergia al moho');
insert into Alumno (num_Clase, cuota, id_dieta, nombre, apellido1, apellido2, alergias) values (10, 900, 29, 'Álvaro', 'Miranda', 'Flores', 'Alergia al moho');
insert into Alumno (num_Clase, cuota, id_dieta, nombre, apellido1, apellido2, alergias) values (3, 350, 30, 'Esteban', 'Solís', 'Flores', 'Alergia al látex');
insert into Alumno (num_Clase, cuota, id_dieta, nombre, apellido1, apellido2, alergias) values (10, 350, 31, 'Pablo', 'Lugo', 'Mora', 'Alergia al maquillaje');
insert into Alumno (num_Clase, cuota, id_dieta, nombre, apellido1, apellido2, alergias) values (7, 900, 32, 'Fernando', 'González', 'Mendoza', 'Alergia al perfume');
insert into Alumno (num_Clase, cuota, id_dieta, nombre, apellido1, apellido2, alergias) values (4, 350, 33, 'Manuel', 'Domínguez', 'Molina', 'Alergia al látex');
insert into Alumno (num_Clase, cuota, id_dieta, nombre, apellido1, apellido2, alergias) values (10, 350, 34, 'Esteban', 'Ramos', 'Castillo', 'Sin alergias');
insert into Alumno (num_Clase, cuota, id_dieta, nombre, apellido1, apellido2, alergias) values (5, 900, 35, 'José Luis', 'Fernández', 'Villalobos', 'Alergia a los productos químicos');
insert into Alumno (num_Clase, cuota, id_dieta, nombre, apellido1, apellido2, alergias) values (1, 900, 36, 'Jorge', 'Hidalgo', 'Santamaría', 'Alergia al polvo');
insert into Alumno (num_Clase, cuota, id_dieta, nombre, apellido1, apellido2, alergias) values (6, 800, 37, 'Bruno', 'Pascual', 'Hernández', 'Alergia al frío');
insert into Alumno (num_Clase, cuota, id_dieta, nombre, apellido1, apellido2, alergias) values (1, 350, 38, 'Eduardo', 'Santamaría', 'Medina', 'Alergia al polvo');
insert into Alumno (num_Clase, cuota, id_dieta, nombre, apellido1, apellido2, alergias) values (3, 900, 39, 'Antonio', 'García', 'García', 'Alergia a los insectos');
insert into Alumno (num_Clase, cuota, id_dieta, nombre, apellido1, apellido2, alergias) values (2, 900, 40, 'Sergio', 'Castilla', 'García', 'Alergia a los insectos');
insert into Alumno (num_Clase, cuota, id_dieta, nombre, apellido1, apellido2, alergias) values (2, 350, 41, 'José Luis', 'Molina', 'Castilla', 'Alergia a los ácaros del polvo');
insert into Alumno (num_Clase, cuota, id_dieta, nombre, apellido1, apellido2, alergias) values (5, 900, 42, 'Daniel', 'Benítez', 'Carrasco', 'Alergia a los productos químicos');
insert into Alumno (num_Clase, cuota, id_dieta, nombre, apellido1, apellido2, alergias) values (4, 900, 43, 'Israel', 'León', 'Hidalgo', 'Alergia al frío');
insert into Alumno (num_Clase, cuota, id_dieta, nombre, apellido1, apellido2, alergias) values (8, 900, 44, 'Alejandro', 'Muñoz', 'Guerrero', 'Alergia a los medicamentos');
insert into Alumno (num_Clase, cuota, id_dieta, nombre, apellido1, apellido2, alergias) values (8, 900, 45, 'Gabriel', 'Aguilar', 'Sánchez', 'Alergia al látex');
insert into Alumno (num_Clase, cuota, id_dieta, nombre, apellido1, apellido2, alergias) values (7, 900, 46, 'Sergio', 'Medina', 'Castro', 'Alergia al perfume');
insert into Alumno (num_Clase, cuota, id_dieta, nombre, apellido1, apellido2, alergias) values (10, 800, 47, 'Luis', 'Castro', 'Ramos', 'Alergia a los alimentos concretos');
insert into Alumno (num_Clase, cuota, id_dieta, nombre, apellido1, apellido2, alergias) values (8, 800, 48, 'Esteban', 'Rodríguez', 'Ramos', 'Alergia al moho');
insert into Alumno (num_Clase, cuota, id_dieta, nombre, apellido1, apellido2, alergias) values (7, 900, 49, 'Antonio', 'Estévez', 'Vargas', 'Alergia a los medicamentos');
insert into Alumno (num_Clase, cuota, id_dieta, nombre, apellido1, apellido2, alergias) values (5, 900, 50, 'Álvaro', 'Álvarez', 'Romero', 'Alergia a los medicamentos');
insert into Alumno (num_Clase, cuota, id_dieta, nombre, apellido1, apellido2, alergias) values (1, 500, 51, 'Pablo', 'Flores', 'Vargas', 'Alergia al calor');
insert into Alumno (num_Clase, cuota, id_dieta, nombre, apellido1, apellido2, alergias) values (6, 500, 52, 'Ricardo', 'Martínez', 'Domínguez', 'Alergia al polen');
insert into Alumno (num_Clase, cuota, id_dieta, nombre, apellido1, apellido2, alergias) values (1, 500, 53, 'Raúl', 'Aguilar', 'Vega', 'Alergia al polvo');
insert into Alumno (num_Clase, cuota, id_dieta, nombre, apellido1, apellido2, alergias) values (10, 300, 54, 'Francisco', 'Domínguez', 'Gutiérrez', 'Alergia a los insectos');
insert into Alumno (num_Clase, cuota, id_dieta, nombre, apellido1, apellido2, alergias) values (10, 600, 55, 'Enrique', 'Esquivel', 'Ramos', 'Alergia a los ácaros del polvo');
insert into Alumno (num_Clase, cuota, id_dieta, nombre, apellido1, apellido2, alergias) values (9, 900, 56, 'Eduardo', 'Morales', 'Suárez', 'Alergia al perfume');
insert into Alumno (num_Clase, cuota, id_dieta, nombre, apellido1, apellido2, alergias) values (10, 300, 57, 'Jorge', 'Sierra', 'García', 'Alergia a los alimentos concretos');
insert into Alumno (num_Clase, cuota, id_dieta, nombre, apellido1, apellido2, alergias) values (9, 400, 58, 'Manuel', 'Miranda', 'Miranda', 'Alergia al humo');
insert into Alumno (num_Clase, cuota, id_dieta, nombre, apellido1, apellido2, alergias) values (5, 300, 59, 'Daniel', 'Morales', 'Ruiz', 'Alergia a los productos químicos');
insert into Alumno (num_Clase, cuota, id_dieta, nombre, apellido1, apellido2, alergias) values (3, 300, 60, 'Manuel', 'Lugo', 'Gutiérrez', 'Alergia al agua');
insert into Alumno (num_Clase, cuota, id_dieta, nombre, apellido1, apellido2, alergias) values (7, 800, 61, 'Emilio', 'Ruiz', 'Sáenz', 'Alergia al humo');
insert into Alumno (num_Clase, cuota, id_dieta, nombre, apellido1, apellido2, alergias) values (3, 800, 62, 'José', 'Valencia', 'Montes', 'Alergia al polen');
insert into Alumno (num_Clase, cuota, id_dieta, nombre, apellido1, apellido2, alergias) values (3, 800, 63, 'Fernando', 'Álvarez', 'Medina', 'Alergia a los productos químicos');
insert into Alumno (num_Clase, cuota, id_dieta, nombre, apellido1, apellido2, alergias) values (2, 800, 64, 'Rubén', 'Estévez', 'Muñoz', 'Alergia al maquillaje');
insert into Alumno (num_Clase, cuota, id_dieta, nombre, apellido1, apellido2, alergias) values (3, 800,65, 'Ricardo', 'Blanco', 'Serrano', 'Alergia a los tintes para el cabello');
insert into Alumno (num_Clase, cuota, id_dieta, nombre, apellido1, apellido2, alergias) values (5, 800, 66, 'Sergio', 'Fuentes', 'Gallego', 'Alergia al humo');
insert into Alumno (num_Clase, cuota, id_dieta, nombre, apellido1, apellido2, alergias) values (1, 900, 67, 'Manuel', 'Fernández', 'Fernández', 'Alergia al sol');
insert into Alumno (num_Clase, cuota, id_dieta, nombre, apellido1, apellido2, alergias) values (5, 800, 68, 'Ramón', 'Oliver', 'Hernández', 'Alergia a los productos químicos');
insert into Alumno (num_Clase, cuota, id_dieta, nombre, apellido1, apellido2, alergias) values (4, 800, 69, 'Esteban', 'Fernández', 'León', 'Alergia al polvo');
insert into Alumno (num_Clase, cuota, id_dieta, nombre, apellido1, apellido2, alergias) values (10, 800, 70, 'Ángel', 'Gallego', 'López', 'Alergia a los productos químicos');
insert into Alumno (num_Clase, cuota, id_dieta, nombre, apellido1, apellido2, alergias) values (4, 600, 71, 'Javier', 'Mendoza', 'Vega', 'Alergia a los animales domésticos');
insert into Alumno (num_Clase, cuota, id_dieta, nombre, apellido1, apellido2, alergias) values (7, 800, 72, 'José', 'Ortiz', 'López', 'Alergia al agua');
insert into Alumno (num_Clase, cuota, id_dieta, nombre, apellido1, apellido2, alergias) values (10, 900, 73, 'Nicolás', 'Flores', 'Miranda', 'Alergia al polen');
insert into Alumno (num_Clase, cuota, id_dieta, nombre, apellido1, apellido2, alergias) values (10, 900, 74, 'Jorge', 'Márquez', 'Serrano', 'Alergia a los animales domésticos');
insert into Alumno (num_Clase, cuota, id_dieta, nombre, apellido1, apellido2, alergias) values (1, 800, 75, 'Victor', 'González', 'Muñoz', 'Alergia al sol');
insert into Alumno (num_Clase, cuota, id_dieta, nombre, apellido1, apellido2, alergias) values (1, 900, 76, 'Manuel', 'López', 'Cano', 'Alergia al sol');
insert into Alumno (num_Clase, cuota, id_dieta, nombre, apellido1, apellido2, alergias) values (6, 350, 77, 'Manuel', 'Hernández', 'Ramos', 'Alergia a los ácaros del polvo');
insert into Alumno (num_Clase, cuota, id_dieta, nombre, apellido1, apellido2, alergias) values (2, 800, 78, 'Pedro', 'Peralta', 'Fuentes', 'Alergia a los tintes para el cabello');
insert into Alumno (num_Clase, cuota, id_dieta, nombre, apellido1, apellido2, alergias) values (3, 900, 79, 'Bruno', 'González', 'Gómez', 'Alergia a los animales domésticos');
insert into Alumno (num_Clase, cuota, id_dieta, nombre, apellido1, apellido2, alergias) values (9, 800, 80, 'Jorge', 'Martínez', 'Escobar', 'Alergia al perfume');
insert into Alumno (num_Clase, cuota, id_dieta, nombre, apellido1, apellido2, alergias) values (3, 800, 81, 'Iván', 'Castro', 'Sáez', 'Alergia a los animales domésticos');
insert into Alumno (num_Clase, cuota, id_dieta, nombre, apellido1, apellido2, alergias) values (6, 800, 82, 'Miguel', 'Carrasco', 'Vega', 'Alergia a los tintes para el cabello');
insert into Alumno (num_Clase, cuota, id_dieta, nombre, apellido1, apellido2, alergias) values (5, 900, 83, 'Manuel', 'García', 'Torres', 'Sin alergias');
insert into Alumno (num_Clase, cuota, id_dieta, nombre, apellido1, apellido2, alergias) values (3, 800, 84, 'Francisco', 'Sánchez', 'Gallego', 'Sin alergias');
insert into Alumno (num_Clase, cuota, id_dieta, nombre, apellido1, apellido2, alergias) values (2, 800, 85, 'Nicolás', 'Aguado', 'Ríos', 'Alergia al perfume');
insert into Alumno (num_Clase, cuota, id_dieta, nombre, apellido1, apellido2, alergias) values (9, 800, 86, 'Ángel', 'Santamaría', 'Ramírez', 'Alergia al humo');
insert into Alumno (num_Clase, cuota, id_dieta, nombre, apellido1, apellido2, alergias) values (5, 800, 87, 'Gabriel', 'Medina', 'Escobar', 'Alergia a los insectos');
insert into Alumno (num_Clase, cuota, id_dieta, nombre, apellido1, apellido2, alergias) values (8, 800, 88, 'Bruno', 'Medina', 'Rodríguez', 'Alergia al látex');
insert into Alumno (num_Clase, cuota, id_dieta, nombre, apellido1, apellido2, alergias) values (6, 800, 89, 'Emilio', 'Sánchez', 'Moreno', 'Alergia al látex');
insert into Alumno (num_Clase, cuota, id_dieta, nombre, apellido1, apellido2, alergias) values (10, 800, 90, 'Eduardo', 'Soria', 'Álvarez', 'Alergia a los ácaros del polvo');
insert into Alumno (num_Clase, cuota, id_dieta, nombre, apellido1, apellido2, alergias) values (8, 800, 91, 'Carlos', 'Rivas', 'Vega', 'Alergia a los ácaros del polvo');
insert into Alumno (num_Clase, cuota, id_dieta, nombre, apellido1, apellido2, alergias) values (2, 800, 92, 'Daniel', 'Castilla', 'Fernández', 'Alergia al perfume');
insert into Alumno (num_Clase, cuota, id_dieta, nombre, apellido1, apellido2, alergias) values (5, 800, 93, 'Ángel', 'Carrasco', 'Benítez', 'Alergia a los ácaros del polvo');
insert into Alumno (num_Clase, cuota, id_dieta, nombre, apellido1, apellido2, alergias) values (8, 800, 94, 'Pedro', 'Benítez', 'Jiménez', 'Alergia a los insectos');
insert into Alumno (num_Clase, cuota, id_dieta, nombre, apellido1, apellido2, alergias) values (9, 800, 95, 'Bruno', 'Carrasco', 'Cárdenas', 'Sin alergias');
insert into Alumno (num_Clase, cuota, id_dieta, nombre, apellido1, apellido2, alergias) values (5, 800, 96, 'David', 'Fuentes', 'Soler', 'Alergia a los insectos');
insert into Alumno (num_Clase, cuota, id_dieta, nombre, apellido1, apellido2, alergias) values (4, 350, 97, 'Alejandro', 'Solís', 'Mora', 'Alergia a los tintes para el cabello');
insert into Alumno (num_Clase, cuota, id_dieta, nombre, apellido1, apellido2, alergias) values (10, 800, 98, 'Raúl', 'Soler', 'Pascual', 'Alergia a los productos químicos');
insert into Alumno (num_Clase, cuota, id_dieta, nombre, apellido1, apellido2, alergias) values (9, 900, 99, 'Guillermo', 'Rubio', 'Álvarez', 'Alergia a los tintes para el cabello');
insert into Alumno (num_Clase, cuota, id_dieta, nombre, apellido1, apellido2, alergias) values (9, 800, 100, 'David', 'González', 'Esquivel', 'Alergia a los tintes para el cabello');

insert into Empresa(nombre, descripcion, cuota, imagen) values ('Limpieza Sur', 'Servicio de limpieza profesional para hogares y oficinas.', 1500.0, 'https://www.fontaneroylimpiezasvalencia.com/wp-content/uploads/2020/04/Empresa-de-limpieza-a-domicilio-Valencia-profesional-300x150.jpg');
insert into Empresa(nombre, descripcion, cuota, imagen) values ('Clean4U', 'Empresa de limpieza y mantenimiento de edificios y espacios públicos.', 2000.0, 'https://www.limpiezasideal.com/wp-content/uploads/2019/09/limpieza-de-hospitales-300x150.jpg');
insert into Empresa(nombre, descripcion, cuota, imagen) values ('Babynut', 'Alimentación infantil saludable y nutritiva para bebés y niños pequeños.', 2500.0, 'https://cdn.visualfy.com/img/bebe-llorando%40480-300x150.jpg');
insert into Empresa(nombre, descripcion, cuota, imagen) values ('Happymilk', 'Leche materna en polvo y alimentos complementarios para bebés y madres lactantes.', 1800.0, 'https://www.esteticalink.com/wp-content/uploads/2015/04/dieta-equilibrada-300x150.jpg');
insert into Empresa(nombre, descripcion, cuota, imagen) values ('The BabyFood Co.', 'Comida orgánica y natural para bebés y niños pequeños, sin conservantes ni aditivos.', 3000.0, 'https://cdn.visualfy.com/img/bebe-llorando%40480-300x150.jpg');
insert into Empresa(nombre, descripcion, cuota, imagen) values ('MediCare', 'Servicios médicos integrales para personas de todas las edades.', 5000.0, 'https://cdn.visualfy.com/img/bebe-llorando%40480-300x150.jpg');
insert into Empresa(nombre, descripcion, cuota, imagen) values ('Salud en Casa', 'Servicios de atención médica en el hogar para pacientes con enfermedades crónicas.', 3500.0, 'https://cdn.visualfy.com/img/bebe-llorando%40480-300x150.jpg');
insert into Empresa(nombre, descripcion, cuota, imagen) values ('Clinica Dia', 'Clínica de atención médica diaria para pacientes con enfermedades crónicas y discapacidades.', 4000.0, 'https://t1.uc.ltmcdn.com/es/posts/8/9/2/remedios_caseros_para_los_gases_del_bebe_41298_300_150.jpg');
ALTER SEQUENCE hibernate_sequence RESTART WITH 1500;